movie_id,image_seq,angry,disgust,fear,happy,sad,surprise,neutral,dominant_emotion,elapsed_time,gaze,blink,eye_offset
93663f94-bf0a-4ce8-a29a-a5236cc7fe6a,0,4.31735,0.000594264,2.87979,1.65035,2.77998,0.600814,87.7711,neutral,#N/A,#N/A,#N/A,#N/A
93663f94-bf0a-4ce8-a29a-a5236cc7fe6a,1,53.2253,2.98164,12.7368,1.52347,1.05132,27.2168,1.26462,angry,#N/A,1,0,6.2253
93663f94-bf0a-4ce8-a29a-a5236cc7fe6a,2,8.79651,0.0294681,2.96816,16.8315,39.8846,0.279335,31.2105,sad,#N/A,1,0,22.7274
93663f94-bf0a-4ce8-a29a-a5236cc7fe6a,3,9.45303,0.106778,1.55308,20.9301,3.50387,0.909426,63.5437,neutral,#N/A,1,0,2.5704
93663f94-bf0a-4ce8-a29a-a5236cc7fe6a,4,56.0002,4.15E-06,0.162231,5.58358,0.197026,12.8076,25.2494,angry,#N/A,1,0,21.1097
93663f94-bf0a-4ce8-a29a-a5236cc7fe6a,5,0.635349,7.42E-09,0.218106,0.00321777,1.95524,0.012085,97.176,neutral,#N/A,1,0,1.8453
93663f94-bf0a-4ce8-a29a-a5236cc7fe6a,6,6.41279,0.000238746,4.53791,0.134349,3.56569,0.555717,84.7933,neutral,7,0,0,26.8643
93663f94-bf0a-4ce8-a29a-a5236cc7fe6a,7,29.8132,1.36594,31.5051,5.55513,11.357,2.18964,18.214,fear,8,1,0,1.9027
93663f94-bf0a-4ce8-a29a-a5236cc7fe6a,8,22.6169,1.41985,4.5667,10.238,16.807,1.23658,43.115,neutral,#N/A,0,0,40.3364
93663f94-bf0a-4ce8-a29a-a5236cc7fe6a,9,3.73857,2.48E-07,0.0792186,0.185183,1.32847,0.894686,93.7739,neutral,#N/A,0,0,48.6695
93663f94-bf0a-4ce8-a29a-a5236cc7fe6a,10,11.4881,0.0189812,5.4253,1.46825,9.31519,0.349985,71.9342,neutral,#N/A,1,0,-2.5612
93663f94-bf0a-4ce8-a29a-a5236cc7fe6a,11,37.8121,0.00194457,2.65793,4.88018,5.27883,4.57332,44.7957,neutral,12,0,0,32.5426
93663f94-bf0a-4ce8-a29a-a5236cc7fe6a,12,9.24685,1.53E-05,6.53988,0.1113,7.12,6.46127,70.5207,neutral,#N/A,1,0,5.4381
93663f94-bf0a-4ce8-a29a-a5236cc7fe6a,13,1.89022,5.09E-05,0.657695,0.0280769,10.7342,0.0184925,86.6713,neutral,14,1,0,-2.2343
93663f94-bf0a-4ce8-a29a-a5236cc7fe6a,14,29.7403,0.00128793,1.82235,12.032,0.176336,50.7308,5.49689,surprise,15,0,0,28.1631
93663f94-bf0a-4ce8-a29a-a5236cc7fe6a,15,12.891,0.00911221,18.7378,44.4955,0.697675,20.4603,2.70864,happy,16,0,0,26.6346
93663f94-bf0a-4ce8-a29a-a5236cc7fe6a,16,6.74951,7.05E-09,0.605867,0.20725,1.64998,10.7429,80.0445,neutral,17,1,0,1.1557
93663f94-bf0a-4ce8-a29a-a5236cc7fe6a,17,30.5844,3.17373,7.44941,1.1716,17.2202,0.438537,39.9622,neutral,#N/A,0,0,33.9904
93663f94-bf0a-4ce8-a29a-a5236cc7fe6a,19,22.6007,0.0232085,29.007,4.91913,0.563153,40.0568,2.83002,surprise,19,#N/A,#N/A,#N/A
93663f94-bf0a-4ce8-a29a-a5236cc7fe6a,20,0.230204,0.00346889,6.77328,0.9269,6.64218,0.0280013,85.396,neutral,#N/A,1,0,4.2396
93663f94-bf0a-4ce8-a29a-a5236cc7fe6a,21,5.48561,0.0021643,5.35824,12.886,5.57801,0.965111,69.7249,neutral,21,1,0,-1.6034
93663f94-bf0a-4ce8-a29a-a5236cc7fe6a,22,0.577003,1.35E-06,1.90354,0.017416,18.6789,0.00304767,78.8201,neutral,22,1,0,-1.2918
93663f94-bf0a-4ce8-a29a-a5236cc7fe6a,23,0.345538,1.00E-05,2.49901,0.0668958,9.6103,0.158707,87.3195,neutral,23,0,0,-33.4655
93663f94-bf0a-4ce8-a29a-a5236cc7fe6a,24,4.34449,0.0765402,4.49993,2.97926,10.2293,0.345107,77.5253,neutral,25,0,0,27.9773
93663f94-bf0a-4ce8-a29a-a5236cc7fe6a,25,6.84598,8.58513,61.6829,4.52284,6.76865,1.44967,10.1448,fear,#N/A,0,0,33.468
93663f94-bf0a-4ce8-a29a-a5236cc7fe6a,26,43.0625,0.0947089,13.9066,1.0679,17.8175,2.32154,21.7293,angry,#N/A,1,0,2.1671
93663f94-bf0a-4ce8-a29a-a5236cc7fe6a,27,33.5487,0.293167,15.3897,2.56098,4.52076,8.23125,35.4554,neutral,28,0,0,53.8297
93663f94-bf0a-4ce8-a29a-a5236cc7fe6a,28,0.343192,3.46E-07,1.76885,0.053372,7.29E-05,97.8344,0.000117244,surprise,#N/A,1,0,0.6556
93663f94-bf0a-4ce8-a29a-a5236cc7fe6a,29,0.331004,0.000757144,0.45537,0.407898,1.42596,0.0285615,97.3505,neutral,#N/A,0,0,27.6426
93663f94-bf0a-4ce8-a29a-a5236cc7fe6a,30,0.560908,0.0164582,75.6386,13.3193,5.91873,2.1591,2.38696,fear,#N/A,0,0,31.2439
93663f94-bf0a-4ce8-a29a-a5236cc7fe6a,31,1.42375,0.000347306,59.0498,0.0170521,2.32791,23.9878,13.1934,fear,#N/A,1,0,-0.8867
93663f94-bf0a-4ce8-a29a-a5236cc7fe6a,32,61.7616,6.03E-05,0.614401,0.181273,5.96784,0.602892,30.8719,angry,#N/A,1,0,-0.2246
93663f94-bf0a-4ce8-a29a-a5236cc7fe6a,33,24.0234,0.00122722,3.77048,0.154141,0.292284,69.75,2.00839,surprise,#N/A,1,0,0.7723
93663f94-bf0a-4ce8-a29a-a5236cc7fe6a,34,0.517647,0.00249133,94.9818,0.386285,0.456248,3.65369,0.00188002,fear,#N/A,0,0,37.4903
93663f94-bf0a-4ce8-a29a-a5236cc7fe6a,35,5.73706,2.40E-10,2.64278,4.60E-06,73.8519,6.53E-05,17.7682,sad,#N/A,0,0,25.9973
93663f94-bf0a-4ce8-a29a-a5236cc7fe6a,36,2.59239,0.00344359,71.0003,1.47633,16.124,0.997341,7.80624,fear,37,1,0,14.4424
93663f94-bf0a-4ce8-a29a-a5236cc7fe6a,37,17.7046,7.24E-05,0.914774,0.106477,44.31,0.0256279,36.9384,sad,#N/A,1,0,24.8701
93663f94-bf0a-4ce8-a29a-a5236cc7fe6a,38,9.3263,0.179396,7.50131,4.05947,25.5403,0.0555778,53.3377,neutral,#N/A,0,0,31.0202
93663f94-bf0a-4ce8-a29a-a5236cc7fe6a,39,4.99331,0.158397,64.3045,1.36268,4.1064,1.21001,23.8647,fear,40,0,0,48.4984
93663f94-bf0a-4ce8-a29a-a5236cc7fe6a,40,0.171384,9.44E-05,0.307663,0.542489,1.09426,0.0610762,97.823,neutral,41,0,0,35.7457
93663f94-bf0a-4ce8-a29a-a5236cc7fe6a,41,10.7171,0.0297783,8.51462,0.805729,12.0486,0.627845,67.2562,neutral,#N/A,1,0,1.5807
93663f94-bf0a-4ce8-a29a-a5236cc7fe6a,42,0.979154,5.98E-07,0.313705,0.132627,0.625089,0.126746,97.8227,neutral,#N/A,1,0,-2.8846
93663f94-bf0a-4ce8-a29a-a5236cc7fe6a,43,1.84468,0.0242668,74.5601,7.45117,1.98285,0.40778,13.7292,fear,#N/A,1,0,2.1988
93663f94-bf0a-4ce8-a29a-a5236cc7fe6a,44,37.436,0.000421396,2.58582,0.022295,52.1997,0.0126725,7.74309,sad,#N/A,1,0,1.0358
93663f94-bf0a-4ce8-a29a-a5236cc7fe6a,45,1.57122,0.0126577,56.9819,0.555477,14.6323,0.343783,25.9027,fear,#N/A,0,0,65.0276
93663f94-bf0a-4ce8-a29a-a5236cc7fe6a,46,0.164384,6.72E-08,0.694917,0.00435339,2.41858,0.0481443,96.6696,neutral,47,1,0,4.0284
93663f94-bf0a-4ce8-a29a-a5236cc7fe6a,47,13.0692,0.550422,15.6817,51.4384,13.4811,1.21983,4.55935,happy,#N/A,0,0,29.0141
93663f94-bf0a-4ce8-a29a-a5236cc7fe6a,48,3.94821,0.00955752,0.120839,4.78502,11.5489,0.0123209,79.5752,neutral,#N/A,0,0,32.6546
93663f94-bf0a-4ce8-a29a-a5236cc7fe6a,49,0.347422,6.39E-05,6.75774,0.082858,13.3189,0.0232918,79.4697,neutral,50,0,0,35.4713
93663f94-bf0a-4ce8-a29a-a5236cc7fe6a,50,46.9672,0.00020552,1.77683,28.6907,0.188982,20.4609,1.91518,angry,#N/A,1,0,-3.0659
93663f94-bf0a-4ce8-a29a-a5236cc7fe6a,51,11.4079,0.023195,11.2591,3.20707,12.4699,1.69221,59.9406,neutral,#N/A,0,0,28.8387
93663f94-bf0a-4ce8-a29a-a5236cc7fe6a,52,71.1725,8.51E-05,5.75654,0.254491,5.11072,8.80042,8.9053,angry,53,0,0,32.6926
93663f94-bf0a-4ce8-a29a-a5236cc7fe6a,53,59.5819,0.0210813,21.4116,0.125168,9.68029,0.915371,8.26453,angry,#N/A,1,0,0.3921
93663f94-bf0a-4ce8-a29a-a5236cc7fe6a,54,1.6832,1.12E-07,3.33622,3.98E-05,91.5636,0.000367175,3.41653,sad,#N/A,1,0,-0.1202
93663f94-bf0a-4ce8-a29a-a5236cc7fe6a,55,6.90915,0.00115252,38.985,19.8201,1.67128,20.3661,12.2472,fear,56,1,0,-4.5098
93663f94-bf0a-4ce8-a29a-a5236cc7fe6a,57,1.39394,0.000383183,20.6086,0.0558705,1.77897,2.58155,73.5807,neutral,#N/A,#N/A,#N/A,#N/A
93663f94-bf0a-4ce8-a29a-a5236cc7fe6a,59,13.5113,1.4539,28.364,5.67092,27.7544,1.0724,22.1731,fear,58,#N/A,#N/A,#N/A
93663f94-bf0a-4ce8-a29a-a5236cc7fe6a,60,2.30382,0.000170375,66.5249,1.40476,3.16517,6.58744,20.0138,fear,#N/A,1,0,-2.0993
93663f94-bf0a-4ce8-a29a-a5236cc7fe6a,61,42.4961,6.88E-05,8.71667,0.823081,18.479,1.26375,28.2214,angry,#N/A,1,0,-1.0737
93663f94-bf0a-4ce8-a29a-a5236cc7fe6a,62,5.33016,0.138695,4.26616,66.2223,10.3176,1.54849,12.1766,happy,61,1,0,-2.6189
93663f94-bf0a-4ce8-a29a-a5236cc7fe6a,63,3.00623,0.25645,71.4018,3.31896,17.9332,0.658682,3.42465,fear,62,1,0,0.6282
93663f94-bf0a-4ce8-a29a-a5236cc7fe6a,65,0.557307,4.56E-07,1.47404,0.00370501,1.71337,0.201613,96.05,neutral,#N/A,#N/A,#N/A,#N/A
93663f94-bf0a-4ce8-a29a-a5236cc7fe6a,66,8.498,0.034197,9.166,1.55826,70.8729,0.0521416,9.81849,sad,#N/A,1,0,-7.2342
93663f94-bf0a-4ce8-a29a-a5236cc7fe6a,67,57.2295,0.000669647,3.14597,3.59689,4.20499,0.21966,31.6023,angry,65,0,0,46.1379
93663f94-bf0a-4ce8-a29a-a5236cc7fe6a,68,7.75089,21.5089,40.9572,5.60192,5.77371,11.7535,6.65396,fear,#N/A,1,0,21.7889
93663f94-bf0a-4ce8-a29a-a5236cc7fe6a,69,11.6053,0.174342,1.82199,7.44926,11.0737,1.6181,66.2573,neutral,67,1,0,1.3413
93663f94-bf0a-4ce8-a29a-a5236cc7fe6a,70,61.2276,0.0176388,13.4765,0.772174,5.35902,8.76696,10.3802,angry,#N/A,1,0,-2.5824
93663f94-bf0a-4ce8-a29a-a5236cc7fe6a,71,5.89018,0.0180262,84.9939,3.22583,1.45474,2.91292,1.50436,fear,#N/A,0,0,32.0872
93663f94-bf0a-4ce8-a29a-a5236cc7fe6a,72,21.4241,0.053185,2.00737,3.95,4.03066,0.660535,67.8742,neutral,#N/A,1,0,19.8095
93663f94-bf0a-4ce8-a29a-a5236cc7fe6a,73,2.45798,9.37204,9.5389,32.4658,41.2659,0.878572,4.02077,sad,#N/A,0,0,32.7763
93663f94-bf0a-4ce8-a29a-a5236cc7fe6a,75,4.89265,0.000222468,0.276787,17.4222,2.22918,0.707575,74.4714,neutral,72,#N/A,#N/A,#N/A
93663f94-bf0a-4ce8-a29a-a5236cc7fe6a,76,8.42547,0.101945,1.39533,11.0875,5.09123,0.630006,73.2685,neutral,73,1,0,-0.7126
93663f94-bf0a-4ce8-a29a-a5236cc7fe6a,77,1.61874,0.013703,0.955855,7.83338,12.1273,0.0865547,77.3645,neutral,74,0,0,29.9251
93663f94-bf0a-4ce8-a29a-a5236cc7fe6a,78,67.0309,0.0174782,5.41933,2.6731,1.91184,7.59721,15.3502,angry,#N/A,1,0,0.7693
93663f94-bf0a-4ce8-a29a-a5236cc7fe6a,80,1.03942,9.02E-05,14.7859,0.152082,0.00490304,84.0172,0.000486862,surprise,#N/A,#N/A,#N/A,#N/A
93663f94-bf0a-4ce8-a29a-a5236cc7fe6a,82,1.74324,0.0127675,8.90398,3.4132,34.3953,0.165059,51.3665,neutral,#N/A,0,0,25.203
93663f94-bf0a-4ce8-a29a-a5236cc7fe6a,83,14.1849,0.830467,53.1759,5.01639,5.38367,7.00945,14.3993,fear,#N/A,1,0,22.9788
93663f94-bf0a-4ce8-a29a-a5236cc7fe6a,84,3.64011,0.0268279,72.0056,1.51253,4.85831,3.14633,14.8103,fear,#N/A,0,0,27.4699
93663f94-bf0a-4ce8-a29a-a5236cc7fe6a,85,4.92836,0.00343311,64.6208,1.30237,1.59511,26.5407,1.00932,fear,#N/A,1,0,-2.0083
93663f94-bf0a-4ce8-a29a-a5236cc7fe6a,87,4.24207,0.00199911,38.3563,0.000278417,56.088,0.232915,1.07852,sad,#N/A,#N/A,#N/A,#N/A
93663f94-bf0a-4ce8-a29a-a5236cc7fe6a,88,7.11108,2.18E-07,6.13468,4.04E-05,0.0161062,86.6896,0.048516,surprise,#N/A,0,0,25.3435
93663f94-bf0a-4ce8-a29a-a5236cc7fe6a,89,4.93507,0.280023,57.3569,7.78013,5.05821,2.82773,21.762,fear,84,1,0,24.7441
93663f94-bf0a-4ce8-a29a-a5236cc7fe6a,90,1.57152,0.0976368,6.36687,14.0107,37.5029,1.3765,39.0738,neutral,#N/A,0,0,25.5737
93663f94-bf0a-4ce8-a29a-a5236cc7fe6a,91,2.27476,0.0306318,14.9949,4.76802,8.16543,0.970922,68.7954,neutral,86,1,0,19.5787
93663f94-bf0a-4ce8-a29a-a5236cc7fe6a,92,4.32456,2.44E-06,3.71496,3.60E-05,90.4187,8.18E-06,1.54175,sad,#N/A,1,0,22.9742
93663f94-bf0a-4ce8-a29a-a5236cc7fe6a,93,11.0323,1.36E-06,6.36812,0.00385918,51.5796,0.0196815,30.9964,sad,#N/A,1,0,24.1476
93663f94-bf0a-4ce8-a29a-a5236cc7fe6a,94,19.8264,0.000431234,0.196329,0.768515,0.0620354,48.5571,30.5892,surprise,#N/A,1,0,-2.2199
baa26895-85b2-465b-a972-649b41d9870e,0,4.90376,2.43E-05,1.84758,2.55923,48.7913,0.0333273,41.8648,sad,1,#N/A,#N/A,#N/A
baa26895-85b2-465b-a972-649b41d9870e,1,0.179621,0.000185331,0.0552584,93.5664,6.18999,0.00118398,0.00740178,happy,2,0,1,42.3816
baa26895-85b2-465b-a972-649b41d9870e,2,10.1263,0.0870038,6.05707,42.7038,19.8192,15.3609,5.8457,happy,3,0,0,28.1727
baa26895-85b2-465b-a972-649b41d9870e,3,37.3449,0.427457,2.78404,16.5368,35.7319,0.534506,6.64039,angry,4,1,0,-10.0732
baa26895-85b2-465b-a972-649b41d9870e,4,0.0030882,2.59E-06,0.0026807,98.5181,1.47585,5.54E-05,0.000212471,happy,5,1,0,-10.6335
baa26895-85b2-465b-a972-649b41d9870e,5,0.442753,2.78E-06,2.15588,0.394626,18.1739,0.0399009,78.793,neutral,6,1,0,18.6988
baa26895-85b2-465b-a972-649b41d9870e,6,1.65652,7.78E-06,8.00771,0.146963,30.7158,0.243581,59.2294,neutral,7,1,0,20.3945
baa26895-85b2-465b-a972-649b41d9870e,7,0.106536,0.0894811,1.47668,55.0611,43.229,0.000771652,0.0363603,happy,8,1,0,22.1884
baa26895-85b2-465b-a972-649b41d9870e,8,0.449587,2.30E-05,0.218274,0.440017,6.0446,0.03354,92.814,neutral,9,0,0,43.4579
baa26895-85b2-465b-a972-649b41d9870e,9,1.37188,0.00925047,3.6687,77.8961,15.7475,0.0325381,1.274,happy,10,1,0,11.8566
baa26895-85b2-465b-a972-649b41d9870e,10,2.06789,5.96E-06,28.4262,1.28748,10.2726,2.7265,55.2193,neutral,11,1,0,5.044
baa26895-85b2-465b-a972-649b41d9870e,11,0.0972984,1.60E-05,3.77299,1.53225,1.57547,0.0935644,92.9284,neutral,12,1,0,12.8541
baa26895-85b2-465b-a972-649b41d9870e,12,0.0689747,9.64E-06,0.0090291,95.8289,2.10264,0.000543198,1.98988,happy,13,1,0,19.8701
baa26895-85b2-465b-a972-649b41d9870e,13,57.1199,0.000353282,2.9175,8.67051,26.3226,1.01698,3.95222,angry,14,1,0,9.5355
baa26895-85b2-465b-a972-649b41d9870e,14,0.32412,3.53E-07,1.36477,0.394619,19.8152,0.012631,78.0886,neutral,15,0,0,45.7179
baa26895-85b2-465b-a972-649b41d9870e,15,2.68045,0.0107579,37.7917,57.1642,1.66856,0.553989,0.130294,happy,16,1,0,16.4891
baa26895-85b2-465b-a972-649b41d9870e,16,14.1265,0.205228,6.05291,58.868,15.8999,0.0680629,4.77945,happy,17,1,0,18.668
baa26895-85b2-465b-a972-649b41d9870e,17,0.00124491,2.96E-07,0.00197705,99.6608,0.333726,0.00010141,0.00218853,happy,18,0,0,33.5341
baa26895-85b2-465b-a972-649b41d9870e,18,0.525379,0.000147707,0.148705,98.008,0.779969,0.404756,0.133037,happy,19,0,0,31.399
baa26895-85b2-465b-a972-649b41d9870e,19,3.52508,0.00518526,4.19123,25.2618,66.5333,0.0518588,0.431606,sad,20,0,0,25.9673
baa26895-85b2-465b-a972-649b41d9870e,20,0.100109,2.20E-10,0.151341,0.018342,4.50262,0.0282951,95.1993,neutral,21,0,0,27.3944
baa26895-85b2-465b-a972-649b41d9870e,21,2.09007,0.000225827,0.969865,2.37247,2.07774,1.48069,91.0089,neutral,22,1,0,23.8309
baa26895-85b2-465b-a972-649b41d9870e,22,0.100857,6.76E-10,0.0197445,0.0442684,3.90082,0.0002515,95.9341,neutral,23,1,0,-13.5833
baa26895-85b2-465b-a972-649b41d9870e,23,50.7443,0.0952647,6.66073,19.1306,23.0299,0.0335082,0.305716,angry,24,0,0,41.7694
baa26895-85b2-465b-a972-649b41d9870e,24,58.0563,0.0606721,4.32809,2.55819,32.4077,0.114638,2.47437,angry,25,1,0,10.9585
baa26895-85b2-465b-a972-649b41d9870e,25,1.56202,2.98458,25.176,3.17016,66.7489,0.282382,0.0759453,sad,26,0,0,67.671
baa26895-85b2-465b-a972-649b41d9870e,26,91.0411,2.05103,0.939134,1.89614,3.23686,0.0787237,0.757053,angry,27,0,0,26.3526
baa26895-85b2-465b-a972-649b41d9870e,27,0.769484,9.03E-06,4.73877,0.869629,35.3246,0.156741,58.1407,neutral,28,1,0,19.5859
baa26895-85b2-465b-a972-649b41d9870e,28,0.143576,8.34E-06,0.87301,5.47976,2.30192,0.210534,90.9912,neutral,29,1,0,9.4709
baa26895-85b2-465b-a972-649b41d9870e,29,35.6362,0.214189,3.10201,1.10783,58.6522,0.00633079,1.28124,sad,30,1,0,24.2066
baa26895-85b2-465b-a972-649b41d9870e,30,0.0157572,5.29E-05,0.787987,95.0627,4.12589,0.000671014,0.00689103,happy,31,0,1,39.5409
baa26895-85b2-465b-a972-649b41d9870e,31,0.0151825,2.70E-06,1.19621,98.3003,0.479164,0.00853931,0.000628017,happy,32,0,0,29.0621
baa26895-85b2-465b-a972-649b41d9870e,32,15.5951,0.0123315,28.6396,11.5611,42.2299,0.136902,1.82505,sad,33,1,0,5.369
baa26895-85b2-465b-a972-649b41d9870e,33,9.47869,0.0186949,5.71444,16.7918,12.47,0.355075,55.1713,neutral,34,1,0,10.8436
baa26895-85b2-465b-a972-649b41d9870e,34,2.55E-05,1.60E-08,0.0139316,99.2966,0.685199,3.35E-06,0.00422493,happy,35,1,0,11.8478
baa26895-85b2-465b-a972-649b41d9870e,35,0.0823044,1.80E-08,1.57E-05,99.8007,0.0167358,5.56E-06,0.100274,happy,36,1,0,11.5106
baa26895-85b2-465b-a972-649b41d9870e,36,18.5638,0.451863,9.52192,10.6134,53.304,2.69726,4.84785,sad,37,1,0,-13.6531
baa26895-85b2-465b-a972-649b41d9870e,37,1.25251,2.18E-08,0.586024,0.11857,16.7016,0.0194708,81.3218,neutral,38,0,0,51.0281
baa26895-85b2-465b-a972-649b41d9870e,38,0.0682279,1.78E-06,0.116511,4.35664,1.61597,0.00454183,93.8381,neutral,39,1,0,14.3025
baa26895-85b2-465b-a972-649b41d9870e,39,8.42899,0.044001,2.29979,3.16007,66.4027,0.473394,19.1911,sad,40,0,1,55.1153
baa26895-85b2-465b-a972-649b41d9870e,40,9.52794,1.38849,15.2025,55.1033,10.8958,3.28055,4.60137,happy,41,1,0,9.7313
baa26895-85b2-465b-a972-649b41d9870e,41,0.616236,0.00496417,0.287743,98.0163,0.679811,0.279489,0.115491,happy,42,1,0,3.4143
baa26895-85b2-465b-a972-649b41d9870e,42,0.0157653,0.000398146,0.0663183,97.1518,2.5527,0.0152081,0.197791,happy,43,1,0,13.2841
baa26895-85b2-465b-a972-649b41d9870e,43,16.8171,0.120878,14.9152,3.51143,20.5855,33.8794,10.1705,surprise,44,1,0,21.0023
baa26895-85b2-465b-a972-649b41d9870e,44,1.27609,0.174575,1.86466,82.8163,13.4717,0.0574277,0.339217,happy,45,1,0,21.5466
baa26895-85b2-465b-a972-649b41d9870e,45,0.0555553,3.16E-10,0.00100326,0.132832,0.173551,4.56E-05,99.637,neutral,46,0,0,25.3973
baa26895-85b2-465b-a972-649b41d9870e,46,2.00408,0.0059685,1.50677,75.756,20.7102,0.000583974,0.0163629,happy,47,0,0,34.5336
baa26895-85b2-465b-a972-649b41d9870e,47,21.9535,5.86282,49.1524,5.6173,2.40889,14.3839,0.621159,fear,48,1,0,14.651
baa26895-85b2-465b-a972-649b41d9870e,48,1.70051,0.0984637,2.19123,77.1555,12.5485,0.0977515,6.20808,happy,49,1,0,18.0207
baa26895-85b2-465b-a972-649b41d9870e,49,0.0523355,0.00441377,1.96755,91.2558,6.37031,0.0459671,0.303619,happy,50,1,0,6.7959
baa26895-85b2-465b-a972-649b41d9870e,50,0.965159,0.000576193,0.407235,90.6931,7.88406,0.000579749,0.049251,happy,51,0,0,38.5531
baa26895-85b2-465b-a972-649b41d9870e,51,3.29555,9.66E-07,0.171498,0.796679,0.199811,0.0753868,95.4611,neutral,52,1,0,10.0462
baa26895-85b2-465b-a972-649b41d9870e,52,5.11008,1.31552,17.2487,6.79369,68.8262,0.19091,0.514893,sad,53,0,0,59.0668
baa26895-85b2-465b-a972-649b41d9870e,53,3.16356,2.84E-05,3.02221,5.9099,5.33839,5.66719,76.8987,neutral,54,0,0,38.2424
baa26895-85b2-465b-a972-649b41d9870e,54,80.181,12.7001,4.38681,0.328241,0.590712,1.62956,0.183659,angry,55,1,0,11.3185
baa26895-85b2-465b-a972-649b41d9870e,55,8.54E-05,5.90E-07,0.00250043,99.1543,0.791377,0.000134473,0.0516179,happy,56,1,0,19.5505
baa26895-85b2-465b-a972-649b41d9870e,56,4.5432,1.40E-07,0.00864378,9.01946,4.94431,0.0395474,81.4448,neutral,57,1,0,10.4265
baa26895-85b2-465b-a972-649b41d9870e,57,89.7201,0.092185,6.60008,3.27745,0.240203,0.0655446,0.00448975,angry,58,0,0,33.5754
baa26895-85b2-465b-a972-649b41d9870e,58,3.55755,0.00787249,6.38045,50.1082,37.4685,0.10471,2.37271,happy,59,1,0,15.6083
baa26895-85b2-465b-a972-649b41d9870e,59,0.784562,0.182907,1.84928,86.4641,9.86777,0.0231287,0.82828,happy,60,0,0,29.9409
baa26895-85b2-465b-a972-649b41d9870e,60,0.198426,9.57E-07,0.042661,0.12724,0.111731,0.0419823,99.478,neutral,61,1,0,14.4618
baa26895-85b2-465b-a972-649b41d9870e,61,22.8949,0.00248488,0.952057,12.109,63.6273,0.0259276,0.388269,sad,62,1,0,11.3027
baa26895-85b2-465b-a972-649b41d9870e,62,0.129206,0.000835554,0.958528,96.7538,2.12471,0.00708081,0.0258035,happy,63,1,0,21.1807
baa26895-85b2-465b-a972-649b41d9870e,63,0.0864644,1.49E-08,0.0680381,0.0114976,0.95284,0.00529167,98.8759,neutral,64,0,0,33.0236
baa26895-85b2-465b-a972-649b41d9870e,64,1.60215,2.53424,1.07846,30.9223,63.7754,0.0196229,0.0678507,sad,65,1,0,8.2901
baa26895-85b2-465b-a972-649b41d9870e,65,0.939335,0.699702,44.2257,26.2865,27.3592,0.14424,0.345237,fear,66,0,0,26.5967
baa26895-85b2-465b-a972-649b41d9870e,66,6.93374,0.0279107,5.18356,25.7628,59.2853,0.175444,2.63121,sad,68,1,0,12.4572
baa26895-85b2-465b-a972-649b41d9870e,67,0.0522499,3.49E-09,0.00258183,0.0614068,0.656677,3.28E-05,99.2271,neutral,69,1,0,18.3349
baa26895-85b2-465b-a972-649b41d9870e,68,0.0192422,1.10E-06,1.09902,0.0138876,97.3969,0.000447609,1.47051,sad,70,0,0,29.8253
baa26895-85b2-465b-a972-649b41d9870e,69,1.4545,3.44E-07,1.82425,1.96776,1.85218,0.0838412,92.8175,neutral,72,1,0,13.141
baa26895-85b2-465b-a972-649b41d9870e,70,80.4311,0.00956099,2.7626,2.2463,10.2344,4.09676,0.219286,angry,73,0,0,35.4129
baa26895-85b2-465b-a972-649b41d9870e,71,7.33246,0.415562,15.4732,1.65956,73.3378,1.40842,0.373052,sad,74,0,0,26.6493
baa26895-85b2-465b-a972-649b41d9870e,72,1.52E-05,5.66E-10,2.09E-06,99.9778,0.0136913,8.51E-07,0.00846949,happy,75,0,0,27.9474
baa26895-85b2-465b-a972-649b41d9870e,73,95.0563,0.663899,2.97119,0.150153,0.935798,0.182032,0.0405743,angry,76,0,0,25.0911
baa26895-85b2-465b-a972-649b41d9870e,74,0.0257447,1.26E-08,0.168516,0.0297028,0.00524772,99.7691,0.00167876,surprise,77,1,0,20.5913
baa26895-85b2-465b-a972-649b41d9870e,75,2.07251,0.000516364,0.555893,29.2021,66.4344,0.0182273,1.71631,sad,78,1,0,20.37
baa26895-85b2-465b-a972-649b41d9870e,76,0.219587,1.49E-05,1.53708,7.17038,2.86064,0.0903385,88.1219,neutral,79,1,0,16.4522
baa26895-85b2-465b-a972-649b41d9870e,77,5.84451,0.021909,2.3605,13.1785,38.9612,0.197639,39.4358,neutral,80,1,0,21.1484
baa26895-85b2-465b-a972-649b41d9870e,78,0.22216,0.873904,1.19437,92.494,4.97095,0.00403629,0.2406,happy,81,1,0,1.6847
baa26895-85b2-465b-a972-649b41d9870e,79,0.00476457,1.15E-05,0.00119056,99.0098,0.475917,0.00538162,0.502962,happy,83,0,1,42.8434
baa26895-85b2-465b-a972-649b41d9870e,80,0.635901,0.0071557,37.8009,17.3302,40.8084,0.495479,2.92201,sad,84,1,0,19.0613
baa26895-85b2-465b-a972-649b41d9870e,81,0.825062,0.0451083,47.7382,38.3098,12.1302,0.054224,0.897381,fear,85,1,0,17.2346
baa26895-85b2-465b-a972-649b41d9870e,82,0.891076,3.81E-06,2.89601,0.509093,9.55962,0.331735,85.8125,neutral,86,0,0,41.2459
baa26895-85b2-465b-a972-649b41d9870e,83,0.0102738,2.00E-08,0.0144143,0.0605889,0.0596665,0.000357099,99.8547,neutral,87,1,0,19.3334
baa26895-85b2-465b-a972-649b41d9870e,84,0.276061,0.0568722,82.1077,6.42397,8.15866,2.96574,0.0110071,fear,88,0,0,45.7302
baa26895-85b2-465b-a972-649b41d9870e,85,8.94E-05,3.19E-10,3.48E-06,99.9818,0.0180098,1.02E-05,0.000104251,happy,89,0,0,27.1408
baa26895-85b2-465b-a972-649b41d9870e,86,0.00437737,6.14E-06,0.000211299,99.4855,0.487439,5.09E-05,0.0224234,happy,90,0,0,39.7008
d0b9170b-98b9-48e1-a1b2-1d661bb0d853,0,0.258826,2.53E-05,41.1414,15.8773,33.4687,0.0953236,9.15839,fear,#N/A,70a013ed-120a-41fa-bedd-75a5d15afb76,1,45186.32582
d0b9170b-98b9-48e1-a1b2-1d661bb0d853,1,0.0169247,1.39E-07,63.5732,28.6119,1.63691,0.569473,5.59155,fear,1,70a013ed-120a-41fa-bedd-75a5d15afb76,2,45186.32582
d0b9170b-98b9-48e1-a1b2-1d661bb0d853,2,0.0959438,2.35E-06,35.4845,9.79849,13.5299,8.98805,32.103,fear,1,70a013ed-120a-41fa-bedd-75a5d15afb76,3,45186.32582
d0b9170b-98b9-48e1-a1b2-1d661bb0d853,3,1.41102,0.000313066,43.9037,6.15238,17.3747,30.1323,1.02557,fear,0,70a013ed-120a-41fa-bedd-75a5d15afb76,4,45186.32582
d0b9170b-98b9-48e1-a1b2-1d661bb0d853,4,1.12749,0.000121852,18.1006,56.5125,2.52799,2.31983,19.4115,happy,0,70a013ed-120a-41fa-bedd-75a5d15afb76,5,45186.32582
d0b9170b-98b9-48e1-a1b2-1d661bb0d853,5,0.491866,0.00380118,80.3409,1.09341,0.323158,17.6178,0.129074,fear,0,70a013ed-120a-41fa-bedd-75a5d15afb76,6,45186.32582
d0b9170b-98b9-48e1-a1b2-1d661bb0d853,6,0.56382,2.17E-05,9.13199,21.7331,2.20168,3.33881,63.0305,neutral,0,70a013ed-120a-41fa-bedd-75a5d15afb76,7,45186.32582
d0b9170b-98b9-48e1-a1b2-1d661bb0d853,7,0.313804,9.50E-05,1.32167,95.7819,1.46096,0.217647,0.903903,happy,0,70a013ed-120a-41fa-bedd-75a5d15afb76,8,45186.32582
d0b9170b-98b9-48e1-a1b2-1d661bb0d853,8,3.514,0.000550272,6.58446,65.7458,3.94059,0.295725,19.9189,happy,0,70a013ed-120a-41fa-bedd-75a5d15afb76,9,45186.32582
d0b9170b-98b9-48e1-a1b2-1d661bb0d853,9,0.0500979,2.58E-08,0.766282,5.78011,0.0882844,34.013,59.3022,neutral,1,70a013ed-120a-41fa-bedd-75a5d15afb76,10,45186.32582
d0b9170b-98b9-48e1-a1b2-1d661bb0d853,10,0.172233,0.000326523,39.0562,25.6135,2.51961,0.039278,32.5988,fear,0,70a013ed-120a-41fa-bedd-75a5d15afb76,11,45186.32582
d0b9170b-98b9-48e1-a1b2-1d661bb0d853,11,0.234505,2.49E-06,2.49706,29.939,0.922465,1.04936,65.3577,neutral,0,70a013ed-120a-41fa-bedd-75a5d15afb76,12,45186.32582
d0b9170b-98b9-48e1-a1b2-1d661bb0d853,12,0.465457,1.61E-07,70.9202,3.39787,24.7066,0.488112,0.0217395,fear,1,70a013ed-120a-41fa-bedd-75a5d15afb76,13,45186.32582
d0b9170b-98b9-48e1-a1b2-1d661bb0d853,13,0.451027,7.01E-05,63.1659,1.96964,30.1452,0.10861,4.15953,fear,0,70a013ed-120a-41fa-bedd-75a5d15afb76,14,45186.32582
d0b9170b-98b9-48e1-a1b2-1d661bb0d853,14,1.19973,0.000242466,4.52815,71.2033,1.46947,2.00478,19.5943,happy,0,70a013ed-120a-41fa-bedd-75a5d15afb76,15,45186.32582
d0b9170b-98b9-48e1-a1b2-1d661bb0d853,15,0.629085,0.000871429,7.26679,88.8499,0.504058,1.57249,1.17684,happy,0,70a013ed-120a-41fa-bedd-75a5d15afb76,16,45186.32582
d0b9170b-98b9-48e1-a1b2-1d661bb0d853,16,0.0018258,3.75E-10,0.0699632,0.306048,1.21291,0.000871158,98.4084,neutral,0,70a013ed-120a-41fa-bedd-75a5d15afb76,17,45186.32582
d0b9170b-98b9-48e1-a1b2-1d661bb0d853,17,0.00237342,1.38E-08,57.628,11.2005,0.0332869,0.448997,30.6868,fear,0,70a013ed-120a-41fa-bedd-75a5d15afb76,17,45186.32582
d0b9170b-98b9-48e1-a1b2-1d661bb0d853,18,2.41612,0.000391522,17.0679,61.4775,1.32999,0.0928784,17.6152,happy,#N/A,70a013ed-120a-41fa-bedd-75a5d15afb76,18,45186.32582
d0b9170b-98b9-48e1-a1b2-1d661bb0d853,19,11.4378,0.000182677,4.74316,7.24427,3.72248,1.10227,71.7499,neutral,0,70a013ed-120a-41fa-bedd-75a5d15afb76,19,45186.32582
d0b9170b-98b9-48e1-a1b2-1d661bb0d853,20,0.0861232,4.85E-07,32.0863,5.72594,53.3256,0.0442059,8.73182,sad,0,70a013ed-120a-41fa-bedd-75a5d15afb76,20,45186.32582
d0b9170b-98b9-48e1-a1b2-1d661bb0d853,21,0.510105,8.80E-06,6.73721,29.7264,4.84852,0.30345,57.8743,neutral,0,70a013ed-120a-41fa-bedd-75a5d15afb76,21,45186.32582
d0b9170b-98b9-48e1-a1b2-1d661bb0d853,22,0.160761,4.12E-06,35.9871,48.0141,3.97492,0.00913587,11.8539,happy,0,70a013ed-120a-41fa-bedd-75a5d15afb76,22,45186.32582
d0b9170b-98b9-48e1-a1b2-1d661bb0d853,23,0.0351163,1.14E-06,20.2065,2.49471,48.7011,0.0292467,28.5334,sad,0,70a013ed-120a-41fa-bedd-75a5d15afb76,23,45186.32582
d0b9170b-98b9-48e1-a1b2-1d661bb0d853,24,0.0185372,4.50E-08,0.172305,11.2202,0.882658,0.2757,87.4306,neutral,0,70a013ed-120a-41fa-bedd-75a5d15afb76,24,45186.32582
d0b9170b-98b9-48e1-a1b2-1d661bb0d853,25,0.464493,5.08E-05,2.18705,21.7218,0.791141,0.116436,74.719,neutral,0,70a013ed-120a-41fa-bedd-75a5d15afb76,25,45186.32582
d0b9170b-98b9-48e1-a1b2-1d661bb0d853,26,0.0538624,3.27E-06,2.64053,18.4067,1.21148,0.94758,76.7398,neutral,1,70a013ed-120a-41fa-bedd-75a5d15afb76,26,45186.32582
d0b9170b-98b9-48e1-a1b2-1d661bb0d853,27,0.00173067,1.39E-08,32.9579,36.1655,0.0536148,0.540909,30.2803,happy,0,70a013ed-120a-41fa-bedd-75a5d15afb76,27,45186.32582
d0b9170b-98b9-48e1-a1b2-1d661bb0d853,28,1.63177,0.0011349,39.8845,14.8704,4.3436,0.494856,38.7738,fear,1,70a013ed-120a-41fa-bedd-75a5d15afb76,28,45186.32582
d0b9170b-98b9-48e1-a1b2-1d661bb0d853,29,0.00822764,1.62E-08,2.6655,0.511718,55.8784,0.0356672,40.9005,sad,0,70a013ed-120a-41fa-bedd-75a5d15afb76,29,45186.32582
d0b9170b-98b9-48e1-a1b2-1d661bb0d853,30,0.0238472,1.83E-09,0.163145,30.4811,0.0677712,0.96541,68.2988,neutral,0,70a013ed-120a-41fa-bedd-75a5d15afb76,30,45186.32582
d0b9170b-98b9-48e1-a1b2-1d661bb0d853,31,0.0424705,4.70E-07,7.86335,14.4279,0.111065,8.40671,69.1485,neutral,0,70a013ed-120a-41fa-bedd-75a5d15afb76,31,45186.32582
d0b9170b-98b9-48e1-a1b2-1d661bb0d853,32,1.09398,3.05E-05,14.126,38.0549,1.43475,1.28111,44.0093,neutral,0,70a013ed-120a-41fa-bedd-75a5d15afb76,32,45186.32582
d0b9170b-98b9-48e1-a1b2-1d661bb0d853,33,42.1712,0.00112449,20.7265,0.267437,16.4149,0.0434196,20.3754,angry,0,70a013ed-120a-41fa-bedd-75a5d15afb76,33,45186.32582
d0b9170b-98b9-48e1-a1b2-1d661bb0d853,34,0.912089,0.000550929,61.2009,12.8488,21.3753,0.845594,2.81681,fear,0,70a013ed-120a-41fa-bedd-75a5d15afb76,34,45186.32582
d0b9170b-98b9-48e1-a1b2-1d661bb0d853,35,0.752804,0.00028962,23.0999,21.9151,7.70427,1.93312,44.5945,neutral,0,70a013ed-120a-41fa-bedd-75a5d15afb76,35,45186.32582
d0b9170b-98b9-48e1-a1b2-1d661bb0d853,36,0.98532,1.45E-05,15.3924,31.1692,4.87809,3.19743,44.3776,neutral,0,70a013ed-120a-41fa-bedd-75a5d15afb76,36,45186.32582
d0b9170b-98b9-48e1-a1b2-1d661bb0d853,37,2.78928,0.00153076,46.2935,14.6776,33.6802,0.925538,1.63233,fear,0,70a013ed-120a-41fa-bedd-75a5d15afb76,37,45186.32582
d0b9170b-98b9-48e1-a1b2-1d661bb0d853,38,0.0210668,1.22E-08,0.681342,0.189079,3.87449,0.00182109,95.2322,neutral,0,70a013ed-120a-41fa-bedd-75a5d15afb76,38,45186.32582
d0b9170b-98b9-48e1-a1b2-1d661bb0d853,39,0.0419287,1.01E-06,5.16589,15.4391,0.932932,0.0517807,78.3683,neutral,0,70a013ed-120a-41fa-bedd-75a5d15afb76,39,45186.32582
d0b9170b-98b9-48e1-a1b2-1d661bb0d853,40,0.703,9.97E-05,3.56038,91.5403,0.487388,1.02435,2.68445,happy,0,70a013ed-120a-41fa-bedd-75a5d15afb76,40,45186.32582
d0b9170b-98b9-48e1-a1b2-1d661bb0d853,41,0.783571,9.33E-05,2.76456,35.3766,7.00956,3.62005,50.4456,neutral,0,70a013ed-120a-41fa-bedd-75a5d15afb76,41,45186.32582
d0b9170b-98b9-48e1-a1b2-1d661bb0d853,42,0.07147,7.23E-07,11.895,5.21992,62.9399,0.108654,19.765,sad,0,70a013ed-120a-41fa-bedd-75a5d15afb76,42,45186.32582
d0b9170b-98b9-48e1-a1b2-1d661bb0d853,43,0.385775,9.98E-05,21.3515,22.7464,43.5331,0.168515,11.8146,sad,0,70a013ed-120a-41fa-bedd-75a5d15afb76,43,45186.32582
d0b9170b-98b9-48e1-a1b2-1d661bb0d853,44,2.61872,0.00848811,7.78512,32.7778,22.461,0.265939,34.0829,neutral,0,70a013ed-120a-41fa-bedd-75a5d15afb76,44,45186.32582
d0b9170b-98b9-48e1-a1b2-1d661bb0d853,45,0.00562927,5.49E-08,1.85842,0.0967519,0.0415313,91.2653,6.73243,surprise,0,70a013ed-120a-41fa-bedd-75a5d15afb76,45,45186.32582
d0b9170b-98b9-48e1-a1b2-1d661bb0d853,46,0.383752,6.90E-06,1.57364,7.95451,9.46458,1.02731,79.5962,neutral,0,70a013ed-120a-41fa-bedd-75a5d15afb76,46,45186.32582
d0b9170b-98b9-48e1-a1b2-1d661bb0d853,47,0.0377648,5.87E-07,14.7056,29.9311,4.80122,0.116505,50.4079,neutral,0,70a013ed-120a-41fa-bedd-75a5d15afb76,47,45186.32582
d0b9170b-98b9-48e1-a1b2-1d661bb0d853,48,0.397131,5.16E-05,50.7745,40.1805,2.15823,0.25755,6.23204,fear,0,70a013ed-120a-41fa-bedd-75a5d15afb76,48,45186.32582
d0b9170b-98b9-48e1-a1b2-1d661bb0d853,49,1.81154,0.015003,25.2699,4.00995,43.6527,2.77088,22.47,sad,0,70a013ed-120a-41fa-bedd-75a5d15afb76,49,45186.32582
d0b9170b-98b9-48e1-a1b2-1d661bb0d853,50,0.202026,2.22E-07,1.59787,1.82162,0.0691056,9.06007,87.2493,neutral,0,70a013ed-120a-41fa-bedd-75a5d15afb76,50,45186.32582
d0b9170b-98b9-48e1-a1b2-1d661bb0d853,51,0.119572,7.92E-08,23.2385,5.00965,46.9679,3.88698,20.7773,sad,0,70a013ed-120a-41fa-bedd-75a5d15afb76,51,45186.32582
d0b9170b-98b9-48e1-a1b2-1d661bb0d853,52,1.42386,0.000389744,4.62838,19.1583,2.45149,18.234,54.1036,neutral,0,70a013ed-120a-41fa-bedd-75a5d15afb76,52,45186.32582
d0b9170b-98b9-48e1-a1b2-1d661bb0d853,53,0.689209,0.000277199,31.5778,35.3371,4.35489,0.22602,27.8148,happy,0,70a013ed-120a-41fa-bedd-75a5d15afb76,53,45186.32582
d0b9170b-98b9-48e1-a1b2-1d661bb0d853,54,8.90896,0.0189463,45.6365,5.82288,31.9094,3.7199,3.98347,fear,0,70a013ed-120a-41fa-bedd-75a5d15afb76,54,45186.32582
d0b9170b-98b9-48e1-a1b2-1d661bb0d853,55,1.12211,0.00352514,86.4806,10.2739,0.39803,1.50333,0.218496,fear,0,70a013ed-120a-41fa-bedd-75a5d15afb76,55,45186.32582
d0b9170b-98b9-48e1-a1b2-1d661bb0d853,56,8.86247,0.0424888,61.2221,13.6271,9.32426,0.9327,5.98887,fear,0,70a013ed-120a-41fa-bedd-75a5d15afb76,56,45186.32582
d0b9170b-98b9-48e1-a1b2-1d661bb0d853,57,0.642475,0.000357437,54.6057,4.49322,7.4042,0.167994,32.686,fear,0,70a013ed-120a-41fa-bedd-75a5d15afb76,57,45186.32582
d0b9170b-98b9-48e1-a1b2-1d661bb0d853,58,0.0634066,2.15E-07,0.311576,47.0269,0.401052,0.0750574,52.122,neutral,1,70a013ed-120a-41fa-bedd-75a5d15afb76,58,45186.32582
d0b9170b-98b9-48e1-a1b2-1d661bb0d853,59,1.01814,0.000301072,5.55828,77.8231,3.19475,1.02911,11.3763,happy,0,70a013ed-120a-41fa-bedd-75a5d15afb76,59,45186.32582
d0b9170b-98b9-48e1-a1b2-1d661bb0d853,60,0.00449009,6.05E-10,0.0833473,0.130179,0.182844,0.00759519,99.5915,neutral,0,70a013ed-120a-41fa-bedd-75a5d15afb76,60,45186.32582
d0b9170b-98b9-48e1-a1b2-1d661bb0d853,61,0.495253,6.68E-06,49.2246,11.5278,36.1948,1.24922,1.30834,fear,0,70a013ed-120a-41fa-bedd-75a5d15afb76,61,45186.32582
d0b9170b-98b9-48e1-a1b2-1d661bb0d853,62,0.0728263,3.84E-06,7.67929,0.658846,0.412524,89.1029,2.07363,surprise,0,70a013ed-120a-41fa-bedd-75a5d15afb76,62,45186.32582
d0b9170b-98b9-48e1-a1b2-1d661bb0d853,63,0.0335118,2.23E-06,6.02698,42.4857,2.30969,0.155019,48.9891,neutral,0,70a013ed-120a-41fa-bedd-75a5d15afb76,63,45186.32582
d0b9170b-98b9-48e1-a1b2-1d661bb0d853,64,0.290608,2.93E-06,3.49538,1.75259,13.8052,2.24008,78.4162,neutral,0,70a013ed-120a-41fa-bedd-75a5d15afb76,64,45186.32582
d0b9170b-98b9-48e1-a1b2-1d661bb0d853,65,0.691226,0.000562348,95.1395,1.07163,0.12044,2.17575,0.800891,fear,1,70a013ed-120a-41fa-bedd-75a5d15afb76,65,45186.32582
d0b9170b-98b9-48e1-a1b2-1d661bb0d853,66,3.34935,0.00318474,38.6528,7.5531,5.34633,0.207257,44.888,neutral,0,70a013ed-120a-41fa-bedd-75a5d15afb76,66,45186.32582
d0b9170b-98b9-48e1-a1b2-1d661bb0d853,67,0.00154297,5.67E-11,0.251114,0.115794,1.36693,0.000241676,98.2644,neutral,0,70a013ed-120a-41fa-bedd-75a5d15afb76,67,45186.32582
d0b9170b-98b9-48e1-a1b2-1d661bb0d853,68,3.81596,0.00369784,18.3331,66.6478,2.61984,0.916028,7.66353,happy,0,70a013ed-120a-41fa-bedd-75a5d15afb76,68,45186.32582
d0b9170b-98b9-48e1-a1b2-1d661bb0d853,69,0.000420176,8.60E-11,0.00549402,2.04198,0.0180922,0.0540453,97.88,neutral,0,70a013ed-120a-41fa-bedd-75a5d15afb76,69,45186.32582
d0b9170b-98b9-48e1-a1b2-1d661bb0d853,70,2.93669,3.81E-05,12.0246,53.5729,5.30565,9.75511,16.405,happy,0,70a013ed-120a-41fa-bedd-75a5d15afb76,70,45186.32582
d0b9170b-98b9-48e1-a1b2-1d661bb0d853,71,2.00308,0.00159441,75.3927,7.66902,1.34207,2.81501,10.7766,fear,1,70a013ed-120a-41fa-bedd-75a5d15afb76,71,45186.32582
d0b9170b-98b9-48e1-a1b2-1d661bb0d853,72,0.771404,0.00107766,37.7139,9.72416,3.55988,21.3654,26.8642,fear,0,70a013ed-120a-41fa-bedd-75a5d15afb76,72,45186.32582
d0b9170b-98b9-48e1-a1b2-1d661bb0d853,73,0.0153132,2.07E-07,0.629807,1.00731,1.12109,4.7709,92.4556,neutral,1,70a013ed-120a-41fa-bedd-75a5d15afb76,73,45186.32582
d0b9170b-98b9-48e1-a1b2-1d661bb0d853,74,1.70E-05,1.92E-12,0.0159375,0.0515665,0.00592289,0.00772234,99.9188,neutral,0,70a013ed-120a-41fa-bedd-75a5d15afb76,74,45186.32582
d0b9170b-98b9-48e1-a1b2-1d661bb0d853,75,5.15018,0.00490372,6.29712,59.5303,7.7727,0.931234,20.3136,happy,1,70a013ed-120a-41fa-bedd-75a5d15afb76,75,45186.32582
d0b9170b-98b9-48e1-a1b2-1d661bb0d853,76,2.70892,0.000116639,9.46728,20.9347,55.8396,3.83573,7.21366,sad,0,70a013ed-120a-41fa-bedd-75a5d15afb76,76,45186.32582
d0b9170b-98b9-48e1-a1b2-1d661bb0d853,77,0.0511429,1.82E-07,11.8068,12.6098,2.42133,0.975857,72.1351,neutral,0,70a013ed-120a-41fa-bedd-75a5d15afb76,77,45186.32582
d0b9170b-98b9-48e1-a1b2-1d661bb0d853,78,0.0631758,3.30E-08,0.0461949,30.2876,0.0369441,3.88809,65.678,neutral,0,70a013ed-120a-41fa-bedd-75a5d15afb76,78,45186.32582
d0b9170b-98b9-48e1-a1b2-1d661bb0d853,79,0.625117,6.54E-05,59.8569,2.38293,15.5052,14.6689,6.96095,fear,1,70a013ed-120a-41fa-bedd-75a5d15afb76,79,45186.32582
d0b9170b-98b9-48e1-a1b2-1d661bb0d853,80,0.0754167,2.79E-05,0.997404,3.43185,0.201903,9.44908,85.8443,neutral,1,70a013ed-120a-41fa-bedd-75a5d15afb76,80,45186.32582
d0b9170b-98b9-48e1-a1b2-1d661bb0d853,81,0.000435045,1.92E-09,72.8667,26.3362,0.00556454,0.0948218,0.696308,fear,0,70a013ed-120a-41fa-bedd-75a5d15afb76,81,45186.32582
d0b9170b-98b9-48e1-a1b2-1d661bb0d853,82,1.36236,0.0102854,16.795,0.458534,0.0291932,81.2668,0.0778323,surprise,1,70a013ed-120a-41fa-bedd-75a5d15afb76,82,45186.32582
d0b9170b-98b9-48e1-a1b2-1d661bb0d853,83,0.0108182,1.32E-08,0.622684,3.04157,0.86904,0.42325,95.0326,neutral,0,70a013ed-120a-41fa-bedd-75a5d15afb76,83,45186.32582
d0b9170b-98b9-48e1-a1b2-1d661bb0d853,84,0.48889,2.13E-06,0.743682,15.0154,4.1678,0.666195,78.918,neutral,0,70a013ed-120a-41fa-bedd-75a5d15afb76,84,45186.32582
d0b9170b-98b9-48e1-a1b2-1d661bb0d853,85,0.465163,0.000315977,6.70378,14.2938,3.36084,20.7898,54.3863,neutral,0,70a013ed-120a-41fa-bedd-75a5d15afb76,85,45186.32582
d0b9170b-98b9-48e1-a1b2-1d661bb0d853,86,0.268024,3.73E-05,57.867,10.644,10.57,2.11658,18.5344,fear,0,70a013ed-120a-41fa-bedd-75a5d15afb76,86,45186.32582
d0b9170b-98b9-48e1-a1b2-1d661bb0d853,87,13.8578,0.0546491,34.8307,23.9173,5.63609,13.2775,8.42592,fear,1,70a013ed-120a-41fa-bedd-75a5d15afb76,87,45186.32582
d0b9170b-98b9-48e1-a1b2-1d661bb0d853,88,0.212912,9.21E-07,19.8029,2.59972,0.0315849,77.2465,0.106311,surprise,0,70a013ed-120a-41fa-bedd-75a5d15afb76,88,45186.32582
d0b9170b-98b9-48e1-a1b2-1d661bb0d853,89,0.0873464,0.000168436,11.8941,0.598814,0.0245663,87.1246,0.270426,surprise,0,70a013ed-120a-41fa-bedd-75a5d15afb76,89,45186.32582
d0b9170b-98b9-48e1-a1b2-1d661bb0d853,90,0.0869312,5.66E-07,3.14743,7.13002,2.36346,3.57486,83.6973,neutral,0,70a013ed-120a-41fa-bedd-75a5d15afb76,90,45186.32582
d0b9170b-98b9-48e1-a1b2-1d661bb0d853,91,0.83243,1.88E-05,0.508185,37.9129,0.732696,0.34841,59.6654,neutral,0,1c0c686b-3aae-4ac6-8625-3e86a7a0892f,92,45186.32846
d0b9170b-98b9-48e1-a1b2-1d661bb0d853,92,2.9573,0.00173031,10.7352,17.3847,31.9494,0.955476,36.0163,neutral,0,1c0c686b-3aae-4ac6-8625-3e86a7a0892f,93,45186.32846
d0b9170b-98b9-48e1-a1b2-1d661bb0d853,93,2.09847,0.000143979,3.55117,80.4503,2.56137,0.179437,11.1591,happy,0,62ea9b36-7860-4dc9-827c-600604286571,94,45186.32296
d0b9170b-98b9-48e1-a1b2-1d661bb0d853,94,0.00971708,2.02E-10,0.0145106,37.6704,0.101039,0.0288517,62.1755,neutral,0,62ea9b36-7860-4dc9-827c-600604286571,95,45186.32296
d0b9170b-98b9-48e1-a1b2-1d661bb0d853,95,0.000121707,3.42E-12,0.328467,0.0023797,98.3094,2.86E-05,1.35964,sad,0,62ea9b36-7860-4dc9-827c-600604286571,96,45186.32296
d0b9170b-98b9-48e1-a1b2-1d661bb0d853,96,0.221723,3.06E-05,88.6307,3.45778,1.26904,0.2636,6.15709,fear,0,62ea9b36-7860-4dc9-827c-600604286571,97,45186.32296
d0b9170b-98b9-48e1-a1b2-1d661bb0d853,97,0.0740051,0.000135707,4.23153,52.2295,1.1306,5.35996,36.9742,happy,0,62ea9b36-7860-4dc9-827c-600604286571,98,45186.32296
d0b9170b-98b9-48e1-a1b2-1d661bb0d853,98,0.00115887,1.22E-11,0.00312506,1.79709,0.00412648,0.0295906,98.1649,neutral,0,62ea9b36-7860-4dc9-827c-600604286571,99,45186.32296
d0b9170b-98b9-48e1-a1b2-1d661bb0d853,99,0.00775259,1.89E-10,2.98694,5.87032,0.357002,0.150457,90.6275,neutral,1,#N/A,#N/A,#N/A
6b0386fc-41de-4196-b0d6-3d0b815c2dbc,0,1.91403,2.01E-07,2.10526,0.00137411,0.179918,0.475532,95.3239,neutral,1,#N/A,#N/A,#N/A
6b0386fc-41de-4196-b0d6-3d0b815c2dbc,1,0.273406,2.42E-06,0.04648,0.113288,0.156266,0.0226295,99.3879,neutral,2,1,1,5.3099
6b0386fc-41de-4196-b0d6-3d0b815c2dbc,2,0.0870412,2.29E-10,0.025851,8.18E-05,0.186978,0.0020264,99.698,neutral,3,0,1,47.5657
6b0386fc-41de-4196-b0d6-3d0b815c2dbc,3,2.45216,9.03E-07,0.333398,0.0066855,1.72124,0.0190108,95.4675,neutral,4,1,0,-1.2162
6b0386fc-41de-4196-b0d6-3d0b815c2dbc,4,0.181937,2.04E-07,0.0187036,0.20784,0.00253625,7.80531,91.7837,neutral,5,1,0,0.6371
6b0386fc-41de-4196-b0d6-3d0b815c2dbc,5,0.295551,4.48E-08,0.000545753,0.0193505,0.00887107,0.00043073,99.6752,neutral,6,1,0,1.2903
6b0386fc-41de-4196-b0d6-3d0b815c2dbc,6,1.41499,1.25E-06,0.664505,0.00184603,0.25693,0.0174373,97.6443,neutral,7,1,0,-5.2446
6b0386fc-41de-4196-b0d6-3d0b815c2dbc,7,3.24843,8.60E-06,1.68874,0.0135866,7.55274,0.0258553,87.4706,neutral,8,1,0,0.6704
6b0386fc-41de-4196-b0d6-3d0b815c2dbc,8,1.28279,6.26E-05,8.23762,21.3946,0.245196,1.81814,67.0216,neutral,9,1,0,-2.2763
6b0386fc-41de-4196-b0d6-3d0b815c2dbc,9,0.0132937,1.77E-12,0.00061654,0.000107273,0.000250516,0.00194688,99.9838,neutral,10,0,1,33.6107
6b0386fc-41de-4196-b0d6-3d0b815c2dbc,10,4.14039,3.65E-05,3.73063,0.125948,2.36256,0.0987541,89.5417,neutral,11,1,0,3.4195
6b0386fc-41de-4196-b0d6-3d0b815c2dbc,11,0.0931709,5.70E-11,0.0358602,9.05E-06,0.0164573,0.000547094,99.854,neutral,12,1,0,1.8695
6b0386fc-41de-4196-b0d6-3d0b815c2dbc,12,0.0787536,1.59E-08,0.156843,0.0140159,0.0778769,0.325963,99.3465,neutral,13,0,1,46.5837
6b0386fc-41de-4196-b0d6-3d0b815c2dbc,13,0.908614,8.07E-05,1.09519,0.480918,1.04508,0.187637,96.2825,neutral,14,1,0,-0.6667
6b0386fc-41de-4196-b0d6-3d0b815c2dbc,14,0.228847,1.14E-09,0.00221376,0.00100742,0.011549,0.000152695,99.7562,neutral,15,1,0,2.6991
6b0386fc-41de-4196-b0d6-3d0b815c2dbc,15,0.0107865,2.47E-09,0.0138065,0.0246832,0.0053555,0.00380376,99.9416,neutral,16,1,0,-2.6057
6b0386fc-41de-4196-b0d6-3d0b815c2dbc,16,1.46855,1.62E-06,0.191106,0.00232719,1.63013,0.00268765,96.7052,neutral,17,0,0,28.1898
6b0386fc-41de-4196-b0d6-3d0b815c2dbc,17,1.06449,9.47E-08,0.134291,0.00255629,0.768663,0.00439854,98.0256,neutral,17,0,0,30.8269
6b0386fc-41de-4196-b0d6-3d0b815c2dbc,18,10.3007,0.00367505,28.7566,1.10074,5.95443,0.330228,53.5537,neutral,18,#N/A,#N/A,#N/A
6b0386fc-41de-4196-b0d6-3d0b815c2dbc,19,4.99566,0.000142198,3.77281,0.11561,0.655414,3.5393,86.9211,neutral,19,1,0,-2.1877
6b0386fc-41de-4196-b0d6-3d0b815c2dbc,20,0.549138,2.53E-06,0.332919,0.121001,0.0960685,0.58593,98.3149,neutral,20,1,0,6.0667
6b0386fc-41de-4196-b0d6-3d0b815c2dbc,21,1.01954,3.34E-06,0.361111,0.292841,0.33914,0.0376764,97.9497,neutral,21,1,0,-6.3148
6b0386fc-41de-4196-b0d6-3d0b815c2dbc,22,0.0932267,5.98E-10,0.00506449,0.000326149,0.00473156,0.0205885,99.8761,neutral,22,1,0,2.1202
6b0386fc-41de-4196-b0d6-3d0b815c2dbc,23,3.79454,0.000318959,2.79365,0.533369,0.166394,0.71852,91.9932,neutral,23,1,0,4.9201
6b0386fc-41de-4196-b0d6-3d0b815c2dbc,24,2.82681,7.64E-05,1.38075,0.0224398,0.867783,0.483337,94.4188,neutral,24,1,0,-1.1619
6b0386fc-41de-4196-b0d6-3d0b815c2dbc,25,0.0608172,3.16E-09,0.00673885,0.00142357,0.013186,0.00839322,99.9094,neutral,25,1,0,-5.3289
6b0386fc-41de-4196-b0d6-3d0b815c2dbc,26,0.581637,3.18E-06,0.470733,0.0404655,0.9737,0.0152757,97.9182,neutral,26,0,1,31.5177
6b0386fc-41de-4196-b0d6-3d0b815c2dbc,27,2.30699,0.000723464,3.60909,0.895651,2.11455,0.320407,90.7526,neutral,27,1,0,-2.1235
6b0386fc-41de-4196-b0d6-3d0b815c2dbc,28,0.152416,6.22E-09,0.0449945,0.00231472,0.0341768,0.0266115,99.7395,neutral,28,0,1,35.813
6b0386fc-41de-4196-b0d6-3d0b815c2dbc,29,0.0767058,1.20E-06,0.0402867,0.0580654,0.0399272,0.120852,99.6642,neutral,29,1,0,-2.3104
6b0386fc-41de-4196-b0d6-3d0b815c2dbc,30,1.66558,1.15E-06,0.140851,0.000855717,6.99352,0.00357075,91.1956,neutral,30,0,0,33.5107
6b0386fc-41de-4196-b0d6-3d0b815c2dbc,31,0.187016,4.09E-08,0.0144941,0.0332031,0.0126091,0.155832,99.5968,neutral,31,1,0,1.6772
6b0386fc-41de-4196-b0d6-3d0b815c2dbc,32,1.68056,1.43E-06,0.729893,0.00876143,0.485637,0.896873,96.1983,neutral,32,1,0,9.4981
6b0386fc-41de-4196-b0d6-3d0b815c2dbc,33,0.534761,5.98E-06,0.406665,0.0147093,1.23469,0.0207413,97.7884,neutral,33,1,0,2.196
6b0386fc-41de-4196-b0d6-3d0b815c2dbc,34,1.72071,1.03E-05,1.33646,0.0659663,0.375558,1.16833,95.333,neutral,34,1,0,3.2007
6b0386fc-41de-4196-b0d6-3d0b815c2dbc,35,2.19474,9.62E-05,1.06065,1.36078,0.147521,0.445629,94.7906,neutral,35,1,0,10.9796
6b0386fc-41de-4196-b0d6-3d0b815c2dbc,36,0.821597,3.58E-08,0.072701,0.000230617,1.00026,0.0013291,98.1039,neutral,36,1,0,-5.4158
6b0386fc-41de-4196-b0d6-3d0b815c2dbc,37,0.16057,1.14E-06,0.17027,0.0532201,0.142162,0.0103325,99.4634,neutral,37,1,0,-0.8348
6b0386fc-41de-4196-b0d6-3d0b815c2dbc,38,12.9773,0.0101252,11.4656,0.655532,3.79033,1.16174,69.9394,neutral,38,1,0,7.6422
6b0386fc-41de-4196-b0d6-3d0b815c2dbc,39,12.0367,0.000248589,13.3914,0.700146,0.382927,31.5864,41.9021,neutral,39,1,0,6.1354
6b0386fc-41de-4196-b0d6-3d0b815c2dbc,40,7.85064,4.90E-05,5.12386,0.498187,0.801416,1.48066,84.2452,neutral,40,0,0,34.3179
6b0386fc-41de-4196-b0d6-3d0b815c2dbc,41,1.74243,7.72E-05,0.866126,0.784202,0.475326,14.4778,81.654,neutral,41,1,0,-1.5918
6b0386fc-41de-4196-b0d6-3d0b815c2dbc,42,4.06275,0.00181189,54.9997,1.82247,0.336821,6.89384,31.8827,fear,42,0,0,54.1387
6b0386fc-41de-4196-b0d6-3d0b815c2dbc,43,0.603546,4.62E-09,0.251244,0.000404008,0.4969,0.0248015,98.6231,neutral,43,1,0,4.4624
6b0386fc-41de-4196-b0d6-3d0b815c2dbc,44,1.1341,2.61E-06,0.223599,0.0133752,0.585672,0.0996665,97.9436,neutral,44,1,0,3.8515
6b0386fc-41de-4196-b0d6-3d0b815c2dbc,45,0.484461,7.26E-09,0.129967,0.000141405,1.12832,0.000695594,98.2564,neutral,45,0,0,49.0075
6b0386fc-41de-4196-b0d6-3d0b815c2dbc,46,0.624273,4.57E-06,0.92024,0.0597181,0.114731,1.85608,96.4249,neutral,46,0,0,28.3554
6b0386fc-41de-4196-b0d6-3d0b815c2dbc,47,0.0352452,1.81E-08,0.00575758,0.293842,0.0146441,0.0332407,99.6173,neutral,47,1,0,3.5894
6b0386fc-41de-4196-b0d6-3d0b815c2dbc,48,0.00623196,2.35E-12,0.00109321,2.71E-05,0.000579983,0.000713205,99.9914,neutral,48,1,0,3.0785
6b0386fc-41de-4196-b0d6-3d0b815c2dbc,49,0.113106,2.48E-06,0.0655399,0.376731,0.104632,0.0459071,99.2941,neutral,49,1,0,20.9981
6b0386fc-41de-4196-b0d6-3d0b815c2dbc,50,0.40156,6.55E-08,0.326214,0.0116044,0.0744857,0.117452,99.0687,neutral,50,1,0,3.1769
6b0386fc-41de-4196-b0d6-3d0b815c2dbc,51,0.981859,1.76E-05,0.899376,0.142588,0.958034,0.223508,96.7946,neutral,51,1,0,7.3806
6b0386fc-41de-4196-b0d6-3d0b815c2dbc,52,0.659687,7.34E-05,0.26209,0.117515,0.792916,0.0506192,98.1171,neutral,52,1,0,8.6687
6b0386fc-41de-4196-b0d6-3d0b815c2dbc,53,0.115607,1.98E-07,0.0467285,0.00378491,0.687257,0.00166713,99.145,neutral,53,1,0,1.1456
6b0386fc-41de-4196-b0d6-3d0b815c2dbc,54,0.735235,1.43E-06,0.152699,0.022947,0.18259,0.206606,98.6999,neutral,54,1,0,8.8485
6b0386fc-41de-4196-b0d6-3d0b815c2dbc,55,1.07727,4.19E-06,0.358794,0.0118614,1.75635,0.0204351,96.7753,neutral,55,1,0,-1.0842
6b0386fc-41de-4196-b0d6-3d0b815c2dbc,56,2.01635,5.69E-05,9.50454,3.52845,0.276732,0.752909,83.921,neutral,56,1,0,6.9323
6b0386fc-41de-4196-b0d6-3d0b815c2dbc,57,7.06729,0.00136394,12.2825,1.14368,0.850749,20.9391,57.7154,neutral,57,1,0,7.8608
6b0386fc-41de-4196-b0d6-3d0b815c2dbc,58,0.28951,1.52E-06,0.500996,0.394667,0.108428,0.486592,98.2198,neutral,58,0,1,36.5469
6b0386fc-41de-4196-b0d6-3d0b815c2dbc,59,3.77659,3.82E-05,4.25352,0.0636612,0.464123,11.4138,80.0282,neutral,59,1,0,-1.1859
6b0386fc-41de-4196-b0d6-3d0b815c2dbc,60,1.14826,1.22E-05,0.907739,0.291269,0.199906,4.53473,92.9181,neutral,60,1,0,13.3515
6b0386fc-41de-4196-b0d6-3d0b815c2dbc,61,0.773584,7.38E-08,0.150539,0.000611091,0.467013,0.00182447,98.6064,neutral,61,1,0,0.0849
6b0386fc-41de-4196-b0d6-3d0b815c2dbc,62,0.33754,1.23E-08,0.0387034,7.81E-05,0.122777,0.000678066,99.5002,neutral,62,0,0,31.6546
6b0386fc-41de-4196-b0d6-3d0b815c2dbc,63,0.000721704,3.07E-11,0.113647,0.0610884,0.00372649,0.0316303,99.7892,neutral,63,1,0,-2.4337
6b0386fc-41de-4196-b0d6-3d0b815c2dbc,64,0.00310637,2.50E-09,0.0390892,0.0210131,0.0124148,0.000977394,99.9234,neutral,64,0,0,34.6267
6b0386fc-41de-4196-b0d6-3d0b815c2dbc,65,0.00626324,1.26E-11,0.000805804,0.000235543,0.00173298,0.00118549,99.9898,neutral,65,0,1,49.5182
6b0386fc-41de-4196-b0d6-3d0b815c2dbc,66,3.24339,9.28E-06,1.10175,0.232081,0.350589,2.04225,93.0299,neutral,66,1,0,-7.6916
6b0386fc-41de-4196-b0d6-3d0b815c2dbc,67,0.0250789,1.00E-08,0.0128185,0.00847096,0.0121294,0.0329061,99.9086,neutral,67,1,0,5.0455
6b0386fc-41de-4196-b0d6-3d0b815c2dbc,68,2.61319,6.96E-07,1.36865,0.000887609,3.18435,0.00240178,92.8305,neutral,68,1,0,10.3033
6b0386fc-41de-4196-b0d6-3d0b815c2dbc,69,5.30907,2.64E-06,12.1044,0.00376093,12.4439,0.0816175,70.0573,neutral,69,0,0,29.7305
6b0386fc-41de-4196-b0d6-3d0b815c2dbc,70,0.0910987,3.50E-08,0.154955,0.0129088,0.0196592,0.010167,99.7112,neutral,70,1,0,-2.1109
6b0386fc-41de-4196-b0d6-3d0b815c2dbc,71,0.00821892,1.13E-12,0.000592642,1.75E-05,0.00103343,0.000491553,99.9896,neutral,71,0,1,56.9147
6b0386fc-41de-4196-b0d6-3d0b815c2dbc,72,0.00624784,9.00E-10,0.00465794,0.00179262,0.115937,0.000233803,99.8711,neutral,72,1,0,1.4988
6b0386fc-41de-4196-b0d6-3d0b815c2dbc,73,0.935054,0.000243901,0.371169,8.81892,0.328444,0.376611,89.1696,neutral,73,1,1,14.9948
6b0386fc-41de-4196-b0d6-3d0b815c2dbc,74,0.0574998,5.41E-08,0.148928,0.224084,0.0141685,4.49223,95.0631,neutral,74,1,0,-4.1796
6b0386fc-41de-4196-b0d6-3d0b815c2dbc,75,8.12002,0.00180503,8.82935,0.340318,1.66208,2.6847,78.3617,neutral,75,0,1,33.5878
6b0386fc-41de-4196-b0d6-3d0b815c2dbc,76,0.025089,2.07E-09,0.044829,0.00368515,0.00609251,0.00809631,99.9122,neutral,76,1,0,4.7421
6b0386fc-41de-4196-b0d6-3d0b815c2dbc,77,5.57402,1.09E-05,5.65255,0.0222069,3.45266,0.706125,84.5924,neutral,77,1,0,0.7091
6b0386fc-41de-4196-b0d6-3d0b815c2dbc,78,5.79767,0.000347195,6.10584,0.374933,1.94667,0.104301,85.6702,neutral,78,1,0,1.193
6b0386fc-41de-4196-b0d6-3d0b815c2dbc,79,0.0700114,9.92E-08,0.129621,1.24312,0.255223,0.00125145,98.3008,neutral,79,0,1,34.3727
6b0386fc-41de-4196-b0d6-3d0b815c2dbc,80,6.7218,4.86E-06,8.61661,0.0214764,0.563478,6.58915,77.4875,neutral,80,0,1,38.1544
6b0386fc-41de-4196-b0d6-3d0b815c2dbc,81,5.59713,0.0001411,7.0954,0.0232654,2.97192,0.54974,83.7624,neutral,81,1,0,1.6117
6b0386fc-41de-4196-b0d6-3d0b815c2dbc,82,0.128637,7.65E-08,0.48055,0.0429442,0.00640797,1.05991,98.2815,neutral,82,0,1,49.3855
6b0386fc-41de-4196-b0d6-3d0b815c2dbc,83,0.0113978,9.40E-13,0.0127107,8.82E-06,0.00791989,0.00160044,99.9664,neutral,83,0,0,34.9084
6b0386fc-41de-4196-b0d6-3d0b815c2dbc,84,0.294484,3.61E-07,0.193849,0.0169026,0.375998,0.479349,98.6394,neutral,84,1,0,-2.8663
6b0386fc-41de-4196-b0d6-3d0b815c2dbc,85,0.512282,1.08E-08,1.47517,0.000830677,0.0307569,2.06646,95.9145,neutral,85,1,0,8.4007
6b0386fc-41de-4196-b0d6-3d0b815c2dbc,86,0.313366,8.94E-09,0.0341163,0.00385029,0.113783,0.00983442,99.5251,neutral,86,1,0,-24.9696
6b0386fc-41de-4196-b0d6-3d0b815c2dbc,87,0.0409921,5.89E-11,0.00114961,0.00218526,0.00208399,0.000683175,99.9529,neutral,87,0,1,41.08
6b0386fc-41de-4196-b0d6-3d0b815c2dbc,88,0.00189413,1.42E-10,0.0105776,0.00416764,0.00760483,0.00414106,99.9716,neutral,88,1,0,-11.6497
6b0386fc-41de-4196-b0d6-3d0b815c2dbc,89,1.5584,2.20E-05,3.61041,0.132707,0.805525,0.543911,93.349,neutral,89,1,0,8.1219
6b0386fc-41de-4196-b0d6-3d0b815c2dbc,90,0.0269702,5.02E-10,0.0834331,0.00209141,0.0111065,0.0274835,99.8489,neutral,90,1,0,3.7459
6b0386fc-41de-4196-b0d6-3d0b815c2dbc,91,4.43312,0.00081666,8.50902,5.97503,3.95613,0.23703,76.8889,neutral,92,1,0,-15.7229
6b0386fc-41de-4196-b0d6-3d0b815c2dbc,92,0.0989425,3.60E-09,0.0102104,0.00247603,0.0273797,0.00246965,99.8585,neutral,93,1,0,-1.1969
6b0386fc-41de-4196-b0d6-3d0b815c2dbc,93,0.121231,1.61E-08,0.140584,0.00239233,0.0129214,0.455312,99.2676,neutral,94,1,0,9.0749
6b0386fc-41de-4196-b0d6-3d0b815c2dbc,94,0.55084,1.18E-05,0.390834,0.0143854,0.640622,0.106405,98.2969,neutral,95,1,0,6.4827
6b0386fc-41de-4196-b0d6-3d0b815c2dbc,95,0.651484,2.47E-07,0.102803,0.00704906,0.242923,0.0152874,98.9805,neutral,96,1,0,-3.5422
6b0386fc-41de-4196-b0d6-3d0b815c2dbc,96,0.142217,5.47E-08,0.0828744,0.00338424,0.101493,0.00447512,99.6656,neutral,97,1,0,-6.0918
6b0386fc-41de-4196-b0d6-3d0b815c2dbc,97,0.0457481,7.12E-08,0.0962856,0.0656403,0.0524427,0.0975523,99.6423,neutral,98,1,0,8.5554
6b0386fc-41de-4196-b0d6-3d0b815c2dbc,98,2.6111,0.0107494,9.37963,0.932389,17.9412,0.0050339,69.1199,neutral,99,1,0,-0.6558
9c350343-e895-49df-af90-d50b91d19d3e,0,24.9028,6.66E-05,0.810725,0.00130463,2.51115,0.0298614,71.7441,neutral,1,#N/A,#N/A,#N/A
9c350343-e895-49df-af90-d50b91d19d3e,1,0.105126,2.91E-11,0.000545632,0.00444379,0.0203316,4.99E-05,99.8695,neutral,2,1,1,5.3099
9c350343-e895-49df-af90-d50b91d19d3e,2,0.0324648,4.93E-11,0.000134306,0.326047,0.0764467,1.17E-05,99.5649,neutral,3,0,1,47.5657
9c350343-e895-49df-af90-d50b91d19d3e,3,0.00625308,3.98E-10,9.59E-05,0.0738617,0.00851685,0.0023527,99.9089,neutral,4,1,0,-1.2162
92016995-e455-4651-9f6e-fbca0d423f21,0,0.00131124,1.41E-07,0.0132327,37.1427,0.178181,0.00825955,62.6563,neutral,1,,#N/A,#N/A
92016995-e455-4651-9f6e-fbca0d423f21,1,0.00133227,1.42E-07,0.0133042,36.9452,0.179674,0.00827067,62.8523,neutral,2,1,1,5.3099
92016995-e455-4651-9f6e-fbca0d423f21,2,0.00131142,1.41E-07,0.0132339,37.1393,0.178144,0.00826381,62.6598,neutral,3,0,1,47.5657
92016995-e455-4651-9f6e-fbca0d423f21,3,0.00181044,1.43E-07,0.0238746,11.0442,0.208299,0.00281704,88.719,neutral,4,1,0,-1.2162
92016995-e455-4651-9f6e-fbca0d423f21,4,0.0018338,1.46E-07,0.0242317,11.0388,0.209914,0.00286471,88.7224,neutral,5,1,0,0.6371
92016995-e455-4651-9f6e-fbca0d423f21,5,0.000588587,9.82E-08,0.0199099,33.9532,0.14239,0.00257685,65.8814,neutral,6,1,0,1.2903
92016995-e455-4651-9f6e-fbca0d423f21,6,0.00202174,1.86E-07,0.0275397,11.567,0.219844,0.00330526,88.1803,neutral,7,1,0,-5.2446
92016995-e455-4651-9f6e-fbca0d423f21,7,0.0143754,8.65E-07,0.105275,4.03186,1.38226,0.000760571,94.4655,neutral,8,1,0,0.6704
92016995-e455-4651-9f6e-fbca0d423f21,8,0.0145873,8.83E-07,0.106949,4.02929,1.39415,0.000762037,94.4543,neutral,9,1,0,-2.2763
92016995-e455-4651-9f6e-fbca0d423f21,9,0.0143754,8.65E-07,0.105275,4.03186,1.38226,0.000760571,94.4655,neutral,10,0,1,33.6107
92016995-e455-4651-9f6e-fbca0d423f21,10,0.00104818,8.57E-08,0.00968944,29.2338,0.142848,0.00727901,70.6053,neutral,11,1,0,3.4195
92016995-e455-4651-9f6e-fbca0d423f21,11,0.00115577,9.50E-08,0.0112922,30.9517,0.163638,0.00673189,68.8654,neutral,12,1,0,1.8695
92016995-e455-4651-9f6e-fbca0d423f21,12,0.00116254,9.48E-08,0.0111811,31.0488,0.164322,0.0065526,68.768,neutral,13,0,1,46.5837
92016995-e455-4651-9f6e-fbca0d423f21,13,0.00117994,9.75E-08,0.0113559,30.9335,0.165246,0.0066933,68.8821,neutral,14,1,0,-0.6667
6539370c-256e-4ed2-9d00-1be1f051163f,0,0.0117156,0.00244263,0.350391,93.4269,4.56442,0.0160444,1.62807,happy,1,#N/A,#N/A,#N/A
6539370c-256e-4ed2-9d00-1be1f051163f,1,6.58783,0.0203384,35.1066,0.103848,38.9672,0.00129392,19.2129,sad,2,1,1,5.3099
6539370c-256e-4ed2-9d00-1be1f051163f,2,5.06687,7.61E-05,1.00842,0.28502,29.7289,0.00037337,63.9104,neutral,3,0,1,47.5657
6539370c-256e-4ed2-9d00-1be1f051163f,3,0.000539047,1.68E-05,0.0411621,99.4084,0.239465,0.0679051,0.2425,happy,4,1,0,-1.2162
6539370c-256e-4ed2-9d00-1be1f051163f,4,0.000671693,1.77E-09,4.97704,0.0012371,2.22E-05,95.021,7.55E-07,surprise,5,1,0,0.6371
6539370c-256e-4ed2-9d00-1be1f051163f,5,0.000484721,9.81E-07,0.00704489,99.7486,0.0705879,0.00143343,0.171869,happy,6,1,0,1.2903
6539370c-256e-4ed2-9d00-1be1f051163f,6,0.0201701,8.34E-05,75.4267,23.7942,0.724945,0.000479744,0.0334136,fear,7,1,0,-5.2446
6539370c-256e-4ed2-9d00-1be1f051163f,7,2.62324,0.00048748,54.9426,30.887,2.40589,4.43919,4.70162,fear,8,1,0,0.6704
6539370c-256e-4ed2-9d00-1be1f051163f,8,0.279723,0.000511704,92.034,0.591864,3.04623,0.0661892,3.98152,fear,9,1,0,-2.2763
6539370c-256e-4ed2-9d00-1be1f051163f,9,2.12126,0.00100906,3.35643,0.128088,11.9343,0.0242489,82.4346,neutral,10,0,1,33.6107
6539370c-256e-4ed2-9d00-1be1f051163f,10,16.4044,0.0229878,13.91,0.0378626,37.2069,0.00301109,32.4148,sad,11,1,0,3.4195
6539370c-256e-4ed2-9d00-1be1f051163f,11,2.5166,0.00163849,6.33462,0.853719,5.8323,0.0287637,84.4324,neutral,12,1,0,1.8695
6539370c-256e-4ed2-9d00-1be1f051163f,12,0.336151,0.000613984,1.779,15.7936,1.80416,1.59828,78.6882,neutral,13,0,1,46.5837
6539370c-256e-4ed2-9d00-1be1f051163f,13,7.67395,0.0516171,12.0192,0.145058,30.9281,0.00282416,49.1793,neutral,14,1,0,-0.6667
6539370c-256e-4ed2-9d00-1be1f051163f,14,1.13582,0.017654,79.7871,0.643479,17.0622,0.391957,0.961755,fear,15,1,0,2.6991
6539370c-256e-4ed2-9d00-1be1f051163f,15,0.0141065,2.23E-05,40.5287,55.1562,4.16645,0.00696395,0.127493,happy,16,1,0,-2.6057
6539370c-256e-4ed2-9d00-1be1f051163f,16,0.257805,0.0024739,99.086,0.118698,0.19492,0.330178,0.00992474,fear,17,0,0,28.1898
6539370c-256e-4ed2-9d00-1be1f051163f,17,1.70855,0.0156053,58.005,1.37287,20.4953,1.58347,16.8192,fear,17,0,0,30.8269
6539370c-256e-4ed2-9d00-1be1f051163f,18,5.87234,0.0118653,52.3681,0.145443,20.5005,0.0230553,21.0786,fear,18,#N/A,#N/A,#N/A
6539370c-256e-4ed2-9d00-1be1f051163f,19,1.86856,0.00060331,3.20504,0.241425,5.39136,0.0236934,89.2693,neutral,19,1,0,-2.1877
6539370c-256e-4ed2-9d00-1be1f051163f,20,0.490668,0.000353948,54.6423,3.20775,16.4126,23.5614,1.68501,fear,20,1,0,6.0667
6539370c-256e-4ed2-9d00-1be1f051163f,21,0.00107785,9.43E-05,0.128595,83.5792,0.103729,0.0458327,16.1415,happy,21,1,0,-6.3148
6539370c-256e-4ed2-9d00-1be1f051163f,22,37.4672,2.1631,28.8648,0.409868,30.363,0.240618,0.491381,angry,22,1,0,2.1202
6539370c-256e-4ed2-9d00-1be1f051163f,23,0.0582192,6.79E-07,9.19577,0.188162,1.53082,0.0753135,88.9517,neutral,23,1,0,4.9201
6539370c-256e-4ed2-9d00-1be1f051163f,24,0.361046,0.00139959,1.16972,1.72198,11.3873,0.00155847,85.357,neutral,24,1,0,-1.1619
6539370c-256e-4ed2-9d00-1be1f051163f,25,0.819085,0.0194171,81.9818,0.403545,8.54579,0.0432332,8.18715,fear,25,1,0,-5.3289
6539370c-256e-4ed2-9d00-1be1f051163f,26,0.583977,0.000155678,61.2639,2.72784,6.42583,26.1224,2.87582,fear,26,0,1,31.5177
6539370c-256e-4ed2-9d00-1be1f051163f,27,2.42906,0.0293008,49.9076,0.912543,7.06971,39.2682,0.38357,fear,27,1,0,-2.1235
6539370c-256e-4ed2-9d00-1be1f051163f,28,3.82692,0.0156494,25.5737,0.986066,47.8883,0.0180037,21.6914,sad,28,0,1,35.813
6539370c-256e-4ed2-9d00-1be1f051163f,29,7.08105,0.477228,62.4162,5.69569,23.0151,0.362398,0.952252,fear,29,1,0,-2.3104
6539370c-256e-4ed2-9d00-1be1f051163f,30,0.189212,0.0244733,6.44318,56.5347,16.2384,0.0256068,20.5444,happy,30,0,0,33.5107
6539370c-256e-4ed2-9d00-1be1f051163f,31,0.478044,0.000990142,63.6133,0.0254998,35.3043,0.00583409,0.572019,fear,31,1,0,1.6772
6539370c-256e-4ed2-9d00-1be1f051163f,32,4.41915,0.000616044,51.7011,0.110769,21.5179,0.493347,21.7571,fear,32,1,0,9.4981
6539370c-256e-4ed2-9d00-1be1f051163f,33,26.2657,0.240748,57.1704,1.99315,8.47947,5.1028,0.747756,fear,33,1,0,2.196
6539370c-256e-4ed2-9d00-1be1f051163f,34,17.8477,0.0477623,30.7542,0.0534763,38.857,0.00173235,12.4382,sad,34,1,0,3.2007
6539370c-256e-4ed2-9d00-1be1f051163f,35,13.1119,0.0382641,32.7744,0.0428402,32.1868,0.00502932,21.8407,fear,35,1,0,10.9796
6539370c-256e-4ed2-9d00-1be1f051163f,36,11.8389,0.00392643,29.4768,0.0499158,45.1592,0.00167727,13.4695,sad,36,1,0,-5.4158
6539370c-256e-4ed2-9d00-1be1f051163f,37,7.55905,0.146601,26.122,1.92464,24.0528,0.237178,39.9576,neutral,37,1,0,-0.8348
6539370c-256e-4ed2-9d00-1be1f051163f,38,3.09684,0.010028,30.0477,0.0111318,62.4362,0.00578449,4.39231,sad,38,1,0,7.6422
6539370c-256e-4ed2-9d00-1be1f051163f,39,7.33067,0.072759,56.9532,0.0375159,34.1041,0.201081,1.30066,fear,39,1,0,6.1354
6539370c-256e-4ed2-9d00-1be1f051163f,40,2.35803,0.0331856,70.9623,0.392499,20.9698,0.0593016,5.22489,fear,40,0,0,34.3179
6539370c-256e-4ed2-9d00-1be1f051163f,41,1.74386,0.0103822,25.8107,0.0877395,61.9863,3.35E-05,10.361,sad,41,1,0,-1.5918
6539370c-256e-4ed2-9d00-1be1f051163f,42,3.71468,0.562273,47.0087,0.91951,47.4694,0.0882675,0.237183,sad,42,0,0,54.1387
6539370c-256e-4ed2-9d00-1be1f051163f,43,5.63869,0.145058,28.0063,0.0696482,59.987,0.000239294,6.15308,sad,43,1,0,4.4624
6539370c-256e-4ed2-9d00-1be1f051163f,44,22.5674,0.229637,63.3108,0.177443,8.26543,1.84916,3.60012,fear,44,1,0,3.8515
6539370c-256e-4ed2-9d00-1be1f051163f,45,2.51905,0.0164309,40.6394,0.09734,49.6194,0.00013725,7.1083,sad,45,0,0,49.0075
6539370c-256e-4ed2-9d00-1be1f051163f,46,1.35321,0.00168709,25.045,0.000271264,73.0017,3.99E-06,0.598153,sad,46,0,0,28.3554
6539370c-256e-4ed2-9d00-1be1f051163f,47,0.148042,0.00216121,98.9656,0.0278759,0.764872,0.0166071,0.0748632,fear,47,1,0,3.5894
6539370c-256e-4ed2-9d00-1be1f051163f,48,8.02756,0.331005,31.2913,0.242812,29.2474,0.0213017,30.8386,fear,48,1,0,3.0785
6539370c-256e-4ed2-9d00-1be1f051163f,49,7.99506,0.0826316,16.0901,0.247192,27.5708,0.0138923,48.0003,neutral,49,1,0,20.9981
6539370c-256e-4ed2-9d00-1be1f051163f,50,0.912363,0.0422449,87.6054,0.574506,9.71252,1.12459,0.0283771,fear,50,1,0,3.1769
6539370c-256e-4ed2-9d00-1be1f051163f,51,59.1356,0.196377,16.5767,0.690757,18.3537,1.06485,3.98197,angry,51,1,0,7.3806
6539370c-256e-4ed2-9d00-1be1f051163f,52,0.166442,7.09E-05,6.33571,0.252083,0.121584,93.1052,0.0189529,surprise,52,1,0,8.6687
6539370c-256e-4ed2-9d00-1be1f051163f,53,0.490801,0.0192032,96.4243,0.150561,2.64922,0.218628,0.0473295,fear,53,1,0,1.1456
6539370c-256e-4ed2-9d00-1be1f051163f,54,0.0681025,0.000137454,98.2844,0.219558,1.31572,0.00730579,0.10472,fear,54,1,0,8.8485
6539370c-256e-4ed2-9d00-1be1f051163f,55,0.451367,0.00802774,84.4829,0.293205,14.5004,0.00459423,0.259491,fear,55,1,0,-1.0842
6539370c-256e-4ed2-9d00-1be1f051163f,56,6.31096,0.042721,32.4761,0.0862532,50.7998,0.00247061,10.2818,sad,56,1,0,6.9323
6539370c-256e-4ed2-9d00-1be1f051163f,57,0.59377,0.0011525,89.5595,0.0448338,8.49321,0.0560508,1.25146,fear,57,1,0,7.8608
6539370c-256e-4ed2-9d00-1be1f051163f,58,0.0406542,0.0012409,68.8315,0.473844,30.5992,0.000124157,0.0534779,fear,58,0,1,36.5469
6539370c-256e-4ed2-9d00-1be1f051163f,59,2.31648,0.00122896,26.7746,2.46897,36.519,0.264371,31.6554,sad,59,1,0,-1.1859
6539370c-256e-4ed2-9d00-1be1f051163f,60,0.0431863,0.000771432,10.164,3.12992,86.5175,0.000398149,0.144268,sad,60,1,0,13.3515
6539370c-256e-4ed2-9d00-1be1f051163f,61,55.6162,4.55124,25.7433,0.418442,12.5296,0.574486,0.566619,angry,61,1,0,0.0849
6539370c-256e-4ed2-9d00-1be1f051163f,62,0.0639083,2.15E-06,8.40618,0.000794796,91.4712,5.64E-06,0.0578877,sad,62,0,0,31.6546
6539370c-256e-4ed2-9d00-1be1f051163f,63,1.3494,0.12238,13.0901,0.0179781,85.2805,2.82E-05,0.139622,sad,63,1,0,-2.4337
6539370c-256e-4ed2-9d00-1be1f051163f,64,0.0490051,8.08E-05,98.9984,0.233058,0.540936,0.0416652,0.136861,fear,64,0,0,34.6267
6539370c-256e-4ed2-9d00-1be1f051163f,65,0.243981,0.000282408,91.6277,0.567923,7.28772,0.114832,0.157606,fear,65,0,1,49.5182
6539370c-256e-4ed2-9d00-1be1f051163f,66,0.672179,4.94E-05,2.04817,0.250146,6.16094,0.00301505,90.8655,neutral,66,1,0,-7.6916
6539370c-256e-4ed2-9d00-1be1f051163f,67,0.204755,0.000356344,48.5769,0.104709,48.7204,5.95E-05,2.39281,sad,67,1,0,5.0455
6539370c-256e-4ed2-9d00-1be1f051163f,68,0.675116,0.0148792,31.1127,63.1153,1.56097,3.19667,0.324366,happy,68,1,0,10.3033
6539370c-256e-4ed2-9d00-1be1f051163f,69,2.45975,0.105322,93.6689,1.43179,1.92501,0.327281,0.0819494,fear,69,0,0,29.7305
6539370c-256e-4ed2-9d00-1be1f051163f,70,2.40999,0.0367786,65.3525,11.2736,4.89972,9.28934,6.73809,fear,70,1,0,-2.1109
6539370c-256e-4ed2-9d00-1be1f051163f,71,0.419466,0.00297848,69.9393,0.44965,27.0371,0.00139287,2.1501,fear,71,0,1,56.9147
6539370c-256e-4ed2-9d00-1be1f051163f,72,2.79587,0.32466,80.5235,0.44966,13.886,1.4574,0.562913,fear,72,1,0,1.4988
6539370c-256e-4ed2-9d00-1be1f051163f,73,4.88947,1.0454,38.3804,2.47601,48.951,0.00873368,4.24905,sad,73,1,1,14.9948
6539370c-256e-4ed2-9d00-1be1f051163f,74,1.09734,0.177557,34.5818,0.659317,63.2923,0.00696952,0.184714,sad,74,1,0,-4.1796
6539370c-256e-4ed2-9d00-1be1f051163f,75,1.8421,0.0103412,41.2404,0.00916296,52.7252,0.000108079,4.17275,sad,75,0,1,33.5878
6539370c-256e-4ed2-9d00-1be1f051163f,76,0.429861,0.0022289,77.4166,0.0358115,21.2007,0.00207575,0.912739,fear,76,1,0,4.7421
6539370c-256e-4ed2-9d00-1be1f051163f,77,14.5525,0.0300465,21.2764,0.0589239,36.5557,0.00430482,27.5221,sad,77,1,0,0.7091
6539370c-256e-4ed2-9d00-1be1f051163f,78,0.000218079,1.63E-09,99.7502,0.000115046,0.000407538,0.24905,4.81E-05,fear,78,1,0,1.193
6539370c-256e-4ed2-9d00-1be1f051163f,79,0.23814,6.09E-05,79.4775,0.139328,9.02402,0.00607584,11.1149,fear,79,0,1,34.3727
6539370c-256e-4ed2-9d00-1be1f051163f,80,4.02537,0.00225277,49.1026,0.457992,6.94912,0.0149597,39.4477,fear,80,0,1,38.1544
6539370c-256e-4ed2-9d00-1be1f051163f,81,35.576,1.46302,46.5883,4.45646,11.5217,0.167321,0.227153,fear,81,1,0,1.6117
6539370c-256e-4ed2-9d00-1be1f051163f,82,1.6206,0.000380944,33.8842,1.46189,7.13642,42.1811,13.7154,surprise,82,0,1,49.3855
6539370c-256e-4ed2-9d00-1be1f051163f,83,0.747758,0.000268188,1.79803,0.185242,6.04016,0.042324,91.1862,neutral,83,0,0,34.9084
6539370c-256e-4ed2-9d00-1be1f051163f,84,2.61E-05,2.69E-08,0.00229767,99.9563,0.0215387,0.000753559,0.01906,happy,84,1,0,-2.8663
6539370c-256e-4ed2-9d00-1be1f051163f,85,22.9279,0.0149961,4.38643,0.0772799,34.0628,0.0124301,38.5182,neutral,85,1,0,8.4007
6539370c-256e-4ed2-9d00-1be1f051163f,86,9.52442,0.0382106,7.66688,0.0543209,66.6714,0.00124715,16.0436,sad,86,1,0,-24.9696
813af424-a584-4417-b7ee-0d4c705e83c9,0,0.33447,1.20E-06,13.7867,0.302347,0.539346,10.4479,74.5893,neutral,1,#N/A,#N/A,#N/A
813af424-a584-4417-b7ee-0d4c705e83c9,1,0.840043,9.23E-05,2.24265,0.560995,0.417769,0.0221573,95.9163,neutral,2,1,1,5.3099
813af424-a584-4417-b7ee-0d4c705e83c9,2,2.2902,0.000180987,5.7317,0.132673,3.99038,0.0112243,87.8436,neutral,3,0,1,47.5657
813af424-a584-4417-b7ee-0d4c705e83c9,3,0.417658,7.78E-07,0.0636674,0.0170221,0.10712,0.000130422,99.3944,neutral,4,1,0,-1.2162
813af424-a584-4417-b7ee-0d4c705e83c9,4,0.219031,5.97E-06,2.21105,0.103567,0.352093,0.0351897,97.0791,neutral,5,1,0,0.6371
813af424-a584-4417-b7ee-0d4c705e83c9,5,17.0809,0.00210251,21.5372,0.418204,0.822231,0.237434,59.902,neutral,6,1,0,1.2903
813af424-a584-4417-b7ee-0d4c705e83c9,6,0.191912,7.33E-06,1.95819,0.647679,0.331687,0.684438,96.1861,neutral,7,1,0,-5.2446
813af424-a584-4417-b7ee-0d4c705e83c9,7,3.20399,0.00138361,26.628,0.737735,1.48898,7.59505,60.3449,neutral,8,1,0,0.6704
813af424-a584-4417-b7ee-0d4c705e83c9,8,0.425868,3.07E-05,1.47856,0.446717,0.450304,0.0191504,97.1794,neutral,9,1,0,-2.2763
813af424-a584-4417-b7ee-0d4c705e83c9,9,3.70908,0.00289699,43.3286,0.474712,0.700955,13.959,37.8247,fear,10,0,1,33.6107
813af424-a584-4417-b7ee-0d4c705e83c9,10,3.81024,0.000872779,10.0654,0.289551,2.71481,0.327652,82.7915,neutral,11,1,0,3.4195
813af424-a584-4417-b7ee-0d4c705e83c9,11,1.18958,8.12E-05,0.582621,0.177855,0.858312,0.0216088,97.1699,neutral,12,1,0,1.8695
813af424-a584-4417-b7ee-0d4c705e83c9,12,3.68363,0.00037349,2.26043,71.7457,3.31381,0.00292236,18.9932,happy,13,0,1,46.5837
813af424-a584-4417-b7ee-0d4c705e83c9,13,1.3246,7.06E-07,0.296672,0.00637078,2.96325,1.59E-05,95.4091,neutral,14,1,0,-0.6667
813af424-a584-4417-b7ee-0d4c705e83c9,14,1.37538,8.92E-07,0.256532,0.0120905,1.74936,3.34E-05,96.6066,neutral,15,1,0,2.6991
813af424-a584-4417-b7ee-0d4c705e83c9,15,30.8574,0.000435154,1.80892,0.0229128,10.2781,7.57E-05,57.0322,neutral,16,1,0,-2.6057
813af424-a584-4417-b7ee-0d4c705e83c9,16,38.8325,0.0404947,38.3363,8.80618,1.28393,1.93628,10.7643,angry,17,0,0,28.1898
813af424-a584-4417-b7ee-0d4c705e83c9,17,39.4038,0.0227614,1.13763,0.0610935,9.82133,0.000223246,49.5531,neutral,17,0,0,30.8269
813af424-a584-4417-b7ee-0d4c705e83c9,18,0.769982,1.17E-07,0.0873852,0.00980365,0.048419,0.00721475,99.0772,neutral,18,#N/A,#N/A,#N/A
813af424-a584-4417-b7ee-0d4c705e83c9,19,59.1938,0.0941533,16.6437,3.13094,2.06814,0.158067,18.7112,angry,19,1,0,-2.1877
813af424-a584-4417-b7ee-0d4c705e83c9,20,1.1315,0.000153994,3.51517,2.67621,1.46073,0.0401437,91.1761,neutral,20,1,0,6.0667
813af424-a584-4417-b7ee-0d4c705e83c9,21,0.115426,1.42E-08,0.0459355,0.0194747,0.127372,0.00222245,99.6896,neutral,21,1,0,-6.3148
813af424-a584-4417-b7ee-0d4c705e83c9,22,0.336177,2.93E-07,0.0659282,0.0520071,0.340095,0.00101805,99.2048,neutral,22,1,0,2.1202
813af424-a584-4417-b7ee-0d4c705e83c9,23,1.73904,1.33E-05,11.1766,0.881014,0.326297,0.377827,85.4992,neutral,23,1,0,4.9201
813af424-a584-4417-b7ee-0d4c705e83c9,24,0.134471,4.82E-08,0.74308,0.0384499,0.118148,0.0404547,98.9254,neutral,24,1,0,-1.1619
813af424-a584-4417-b7ee-0d4c705e83c9,25,2.83187,1.89E-07,0.261086,34.5715,0.116215,0.0114635,62.2079,neutral,25,1,0,-5.3289
813af424-a584-4417-b7ee-0d4c705e83c9,26,0.186377,2.18E-06,0.99731,0.00714948,0.458489,5.31E-05,98.3506,neutral,26,0,1,31.5177
813af424-a584-4417-b7ee-0d4c705e83c9,27,1.97038,0.00228043,52.6894,0.233979,0.741742,4.83207,39.5301,fear,27,1,0,-2.1235
813af424-a584-4417-b7ee-0d4c705e83c9,28,3.43408,0.000277318,7.85282,1.73661,0.511124,0.805685,85.6594,neutral,28,0,1,35.813
813af424-a584-4417-b7ee-0d4c705e83c9,29,12.7836,0.00823453,45.2055,1.09613,0.752258,2.17514,37.9792,fear,29,1,0,-2.3104
813af424-a584-4417-b7ee-0d4c705e83c9,30,0.820978,2.45E-07,0.092223,0.0249707,0.154484,0.0253485,98.882,neutral,30,0,0,33.5107
813af424-a584-4417-b7ee-0d4c705e83c9,31,25.8409,0.00242385,20.2286,10.8481,7.49415,1.27586,34.31,neutral,31,1,0,1.6772
813af424-a584-4417-b7ee-0d4c705e83c9,32,0.501847,2.02E-07,0.411384,0.0626592,1.38724,3.25E-05,97.6368,neutral,32,1,0,9.4981
813af424-a584-4417-b7ee-0d4c705e83c9,33,1.32458,0.000141016,8.32737,0.723361,0.830741,0.454529,88.3393,neutral,33,1,0,2.196
813af424-a584-4417-b7ee-0d4c705e83c9,34,0.817064,0.000182368,14.5066,13.8795,0.369036,0.0820124,70.3456,neutral,34,1,0,3.2007
813af424-a584-4417-b7ee-0d4c705e83c9,35,8.44287,0.000537598,1.21617,4.02081,3.10494,0.418474,82.7962,neutral,35,1,0,10.9796
813af424-a584-4417-b7ee-0d4c705e83c9,36,0.312893,6.57E-06,0.275164,0.0260521,0.304198,0.00154302,99.0801,neutral,36,1,0,-5.4158
813af424-a584-4417-b7ee-0d4c705e83c9,37,3.4009,0.00159409,51.5892,0.462831,1.13323,0.058503,43.3537,fear,37,1,0,-0.8348
813af424-a584-4417-b7ee-0d4c705e83c9,38,0.140588,5.17E-08,0.0681255,0.00507321,0.328096,4.24E-05,99.4581,neutral,38,1,0,7.6422
813af424-a584-4417-b7ee-0d4c705e83c9,39,1.44018,2.30E-05,1.33425,0.336672,0.206476,0.0557951,96.6266,neutral,39,1,0,6.1354
813af424-a584-4417-b7ee-0d4c705e83c9,40,0.0372631,1.27E-07,0.693179,0.309968,0.228459,0.286259,98.4449,neutral,40,0,0,34.3179
813af424-a584-4417-b7ee-0d4c705e83c9,41,1.44038,2.31E-06,0.0378843,1.99013,0.175787,0.136774,96.219,neutral,41,1,0,-1.5918
813af424-a584-4417-b7ee-0d4c705e83c9,42,1.2848,5.38E-07,0.719903,0.0170174,0.158331,0.032449,97.7875,neutral,42,0,0,54.1387
813af424-a584-4417-b7ee-0d4c705e83c9,43,8.87454,0.000106094,49.3023,1.07666,0.382636,6.58769,33.7761,fear,43,1,0,4.4624
813af424-a584-4417-b7ee-0d4c705e83c9,44,3.27669,3.33E-07,0.957441,0.00299637,6.2102,3.68E-05,89.5526,neutral,44,1,0,3.8515
813af424-a584-4417-b7ee-0d4c705e83c9,45,1.65495,2.65E-05,4.44322,0.118131,0.367697,0.0700523,93.3459,neutral,45,0,0,49.0075
813af424-a584-4417-b7ee-0d4c705e83c9,46,30.431,0.316243,33.2726,1.0021,8.67419,5.70101,20.6028,fear,46,0,0,28.3554
813af424-a584-4417-b7ee-0d4c705e83c9,47,50.9612,0.00675276,5.73675,0.596607,7.01772,0.108846,35.5721,angry,47,1,0,3.5894
813af424-a584-4417-b7ee-0d4c705e83c9,48,0.136583,1.39E-08,0.323874,0.0369913,0.217193,0.0121841,99.2732,neutral,48,1,0,3.0785
813af424-a584-4417-b7ee-0d4c705e83c9,49,14.1128,0.0139332,11.342,0.341057,2.84191,0.0413143,71.307,neutral,49,1,0,20.9981
813af424-a584-4417-b7ee-0d4c705e83c9,50,28.761,0.00766972,32.2824,0.8944,0.544774,1.95413,35.5557,neutral,50,1,0,3.1769
813af424-a584-4417-b7ee-0d4c705e83c9,51,11.4742,0.00294884,6.77083,0.148765,12.048,0.00132776,69.5539,neutral,51,1,0,7.3806
813af424-a584-4417-b7ee-0d4c705e83c9,52,0.819885,3.98E-05,16.6627,0.51416,1.54771,0.857624,79.5979,neutral,52,1,0,8.6687
813af424-a584-4417-b7ee-0d4c705e83c9,53,1.80954,1.83E-05,0.479149,0.467633,1.64304,0.0537925,95.5468,neutral,53,1,0,1.1456
813af424-a584-4417-b7ee-0d4c705e83c9,54,1.10729,0.000163935,1.67277,0.529786,0.247818,1.23811,95.2041,neutral,54,1,0,8.8485
813af424-a584-4417-b7ee-0d4c705e83c9,55,25.989,0.197336,27.9701,0.0738717,28.9078,0.00475868,16.8572,sad,55,1,0,-1.0842
813af424-a584-4417-b7ee-0d4c705e83c9,56,0.0645063,1.01E-07,0.127439,1.4447,0.172941,0.00943144,98.181,neutral,56,1,0,6.9323
813af424-a584-4417-b7ee-0d4c705e83c9,57,0.125589,1.72E-07,0.325938,0.0369599,0.299408,0.00487013,99.2072,neutral,57,1,0,7.8608
813af424-a584-4417-b7ee-0d4c705e83c9,58,43.3802,0.0219561,39.183,2.19281,5.19213,1.19151,8.83834,angry,58,0,1,36.5469
813af424-a584-4417-b7ee-0d4c705e83c9,59,0.077709,1.03E-07,0.81058,0.00532768,0.023555,0.0336727,99.0492,neutral,59,1,0,-1.1859
813af424-a584-4417-b7ee-0d4c705e83c9,60,2.0749,0.0024863,87.6325,1.76866,2.13614,0.48862,5.89666,fear,60,1,0,13.3515
813af424-a584-4417-b7ee-0d4c705e83c9,61,0.621484,2.82E-06,0.188673,0.144093,1.04069,0.00200395,98.0031,neutral,61,1,0,0.0849
813af424-a584-4417-b7ee-0d4c705e83c9,62,41.5168,0.000682087,28.9216,0.59425,1.6032,0.339201,27.0243,angry,62,0,0,31.6546
813af424-a584-4417-b7ee-0d4c705e83c9,63,17.9757,0.00402705,28.5952,0.339265,15.4703,0.0506472,37.5649,neutral,63,1,0,-2.4337
813af424-a584-4417-b7ee-0d4c705e83c9,64,0.177203,3.31E-08,0.0295038,0.0144192,0.101772,0.000977507,99.6761,neutral,64,0,0,34.6267
813af424-a584-4417-b7ee-0d4c705e83c9,65,0.0350283,1.07E-07,0.550189,0.776652,0.067556,0.0207746,98.5498,neutral,65,0,1,49.5182
813af424-a584-4417-b7ee-0d4c705e83c9,66,26.7206,0.0388311,65.0577,0.230199,0.804235,1.9346,5.21384,fear,66,1,0,-7.6916
813af424-a584-4417-b7ee-0d4c705e83c9,67,0.0301654,3.22E-10,0.0103661,0.00212315,0.0686523,0.000163305,99.8885,neutral,67,1,0,5.0455
813af424-a584-4417-b7ee-0d4c705e83c9,68,0.262896,1.97E-09,0.012267,0.286885,0.386118,0.000124858,99.0517,neutral,68,1,0,10.3033
813af424-a584-4417-b7ee-0d4c705e83c9,69,1.52188,0.000163963,4.22462,0.474974,3.37695,0.0337879,90.3676,neutral,69,0,0,29.7305
813af424-a584-4417-b7ee-0d4c705e83c9,70,0.081992,2.10E-09,0.021788,0.114012,0.0655984,0.0114541,99.7052,neutral,70,1,0,-2.1109
813af424-a584-4417-b7ee-0d4c705e83c9,71,9.93155,0.000711899,30.1262,0.314636,0.077581,58.7581,0.791256,surprise,71,0,1,56.9147
813af424-a584-4417-b7ee-0d4c705e83c9,72,0.33044,1.44E-06,0.194653,0.0816318,0.223018,0.00333971,99.1669,neutral,72,1,0,1.4988
813af424-a584-4417-b7ee-0d4c705e83c9,73,0.367077,1.14E-06,0.87373,0.0791714,0.0622428,0.00896493,98.6088,neutral,73,1,1,14.9948
813af424-a584-4417-b7ee-0d4c705e83c9,74,0.076694,2.60E-08,0.046198,0.0302562,0.0439963,0.000229398,99.8026,neutral,74,1,0,-4.1796
813af424-a584-4417-b7ee-0d4c705e83c9,75,1.40285,2.68E-05,2.60365,0.0361132,1.54729,0.000686386,94.4094,neutral,75,0,1,33.5878
813af424-a584-4417-b7ee-0d4c705e83c9,76,0.0258457,1.09E-08,0.845663,0.00327758,0.00799239,6.34E-05,99.1172,neutral,76,1,0,4.7421
813af424-a584-4417-b7ee-0d4c705e83c9,77,0.0379861,3.41E-08,0.17306,0.0933517,0.0250125,0.0133223,99.6573,neutral,77,1,0,0.7091
813af424-a584-4417-b7ee-0d4c705e83c9,78,20.4085,0.227628,66.4706,1.06609,0.528573,4.00949,7.28911,fear,78,1,0,1.193
813af424-a584-4417-b7ee-0d4c705e83c9,79,0.880989,0.000168456,0.793315,2.29337,0.524425,0.0123663,95.4954,neutral,79,0,1,34.3727
813af424-a584-4417-b7ee-0d4c705e83c9,80,1.7224,2.99E-06,4.11536,0.205996,0.79448,0.402301,92.7595,neutral,80,0,1,38.1544
813af424-a584-4417-b7ee-0d4c705e83c9,81,1.71585,4.06E-05,4.63492,8.82258,0.716364,0.550705,83.5595,neutral,81,1,0,1.6117
813af424-a584-4417-b7ee-0d4c705e83c9,82,5.66651,0.00337756,1.97416,0.280647,2.87182,0.0431923,89.1603,neutral,82,0,1,49.3855
813af424-a584-4417-b7ee-0d4c705e83c9,83,16.8109,0.00484648,51.532,0.763864,0.180252,19.2286,11.4795,fear,83,0,0,34.9084
813af424-a584-4417-b7ee-0d4c705e83c9,84,33.6265,0.00274954,33.4216,2.97941,0.278051,11.1227,18.569,angry,84,1,0,-2.8663
813af424-a584-4417-b7ee-0d4c705e83c9,85,50.6103,0.000385644,18.9727,0.165591,0.29709,0.02366,29.9302,angry,85,1,0,8.4007
813af424-a584-4417-b7ee-0d4c705e83c9,86,1.51113,7.13E-05,9.16494,0.340818,0.17815,1.83514,86.9697,neutral,86,1,0,-24.9696
813af424-a584-4417-b7ee-0d4c705e83c9,87,1.93847,6.72E-05,0.79248,0.0849893,1.25467,0.0129138,95.9164,neutral,87,0,1,41.08
813af424-a584-4417-b7ee-0d4c705e83c9,88,12.8425,0.00626864,23.7584,2.34558,4.93913,12.296,43.8122,neutral,88,1,0,-11.6497
813af424-a584-4417-b7ee-0d4c705e83c9,89,0.530628,5.05E-06,0.234769,0.211941,0.205621,0.486571,98.3305,neutral,89,1,0,8.1219
813af424-a584-4417-b7ee-0d4c705e83c9,90,0.0345345,2.05E-08,0.183499,0.0148415,0.00830248,0.725079,99.0338,neutral,90,1,0,3.7459
813af424-a584-4417-b7ee-0d4c705e83c9,91,0.154308,8.55E-11,0.00450065,0.0393203,0.0219545,0.00127791,99.7786,neutral,92,1,0,-15.7229
813af424-a584-4417-b7ee-0d4c705e83c9,92,0.403022,1.71E-07,0.0328381,0.588332,0.462608,5.18E-05,98.5132,neutral,93,1,0,-1.1969
dfb0d746-609f-4dac-8e1d-c0325fb64394,0,0.986249,0.000105477,3.88284,0.1395,5.51132,0.108728,89.3713,neutral,#N/A,70a013ed-120a-41fa-bedd-75a5d15afb76,1,45186.32582
dfb0d746-609f-4dac-8e1d-c0325fb64394,1,2.08114,0.293596,7.37185,76.1906,1.52434,7.60248,4.93602,happy,1,70a013ed-120a-41fa-bedd-75a5d15afb76,2,45186.32582
dfb0d746-609f-4dac-8e1d-c0325fb64394,2,9.43836,0.460568,9.06742,71.4096,3.41275,5.92206,0.289199,happy,1,70a013ed-120a-41fa-bedd-75a5d15afb76,3,45186.32582
dfb0d746-609f-4dac-8e1d-c0325fb64394,3,4.37886,0.0223207,24.8388,14.1932,1.35788,31.4982,23.7107,surprise,0,70a013ed-120a-41fa-bedd-75a5d15afb76,4,45186.32582
dfb0d746-609f-4dac-8e1d-c0325fb64394,4,0.00145164,1.47E-07,0.936351,0.365306,0.00487206,95.9025,2.78952,surprise,0,70a013ed-120a-41fa-bedd-75a5d15afb76,5,45186.32582
dfb0d746-609f-4dac-8e1d-c0325fb64394,5,8.25436,2.94457,15.1081,55.082,0.280992,17.7718,0.558181,happy,0,70a013ed-120a-41fa-bedd-75a5d15afb76,6,45186.32582
dfb0d746-609f-4dac-8e1d-c0325fb64394,6,15.9246,0.0201818,39.6054,0.312699,2.6055,27.8922,13.6395,fear,0,70a013ed-120a-41fa-bedd-75a5d15afb76,7,45186.32582
dfb0d746-609f-4dac-8e1d-c0325fb64394,7,7.54069,0.125084,26.494,3.29691,0.632297,52.8373,9.0737,surprise,0,70a013ed-120a-41fa-bedd-75a5d15afb76,8,45186.32582
dfb0d746-609f-4dac-8e1d-c0325fb64394,8,1.77497,0.323618,1.9227,79.8591,1.47775,13.1352,1.50659,happy,0,70a013ed-120a-41fa-bedd-75a5d15afb76,9,45186.32582
dfb0d746-609f-4dac-8e1d-c0325fb64394,9,12.6211,0.992949,14.663,3.36767,27.5361,2.96627,37.853,neutral,1,70a013ed-120a-41fa-bedd-75a5d15afb76,10,45186.32582
dfb0d746-609f-4dac-8e1d-c0325fb64394,10,46.5117,0.000420945,3.99173,0.0862138,6.22897,0.0623014,43.1187,angry,0,70a013ed-120a-41fa-bedd-75a5d15afb76,11,45186.32582
dfb0d746-609f-4dac-8e1d-c0325fb64394,11,0.0816153,1.96E-06,0.0348903,0.0388836,0.278402,0.0136868,99.5525,neutral,0,70a013ed-120a-41fa-bedd-75a5d15afb76,12,45186.32582
dfb0d746-609f-4dac-8e1d-c0325fb64394,12,0.427945,0.000218676,9.06584,3.58806,0.886663,40.9472,45.0841,neutral,1,70a013ed-120a-41fa-bedd-75a5d15afb76,13,45186.32582
dfb0d746-609f-4dac-8e1d-c0325fb64394,13,9.50264,0.0152675,5.64498,45.7465,8.9382,9.67472,20.4777,happy,0,70a013ed-120a-41fa-bedd-75a5d15afb76,14,45186.32582
dfb0d746-609f-4dac-8e1d-c0325fb64394,14,3.47902,0.0530758,11.4201,18.9055,2.2861,24.5751,39.2811,neutral,0,70a013ed-120a-41fa-bedd-75a5d15afb76,15,45186.32582
dfb0d746-609f-4dac-8e1d-c0325fb64394,15,0.354622,0.00785875,4.14708,36.3395,0.319475,48.9547,9.87675,surprise,0,70a013ed-120a-41fa-bedd-75a5d15afb76,16,45186.32582
dfb0d746-609f-4dac-8e1d-c0325fb64394,16,3.59217,0.0101192,0.56347,91.781,2.26314,1.07289,0.717194,happy,0,70a013ed-120a-41fa-bedd-75a5d15afb76,17,45186.32582
dfb0d746-609f-4dac-8e1d-c0325fb64394,17,0.0868319,0.00670937,2.87545,4.00144,5.78128,0.00731472,87.241,neutral,0,70a013ed-120a-41fa-bedd-75a5d15afb76,17,45186.32582
dfb0d746-609f-4dac-8e1d-c0325fb64394,18,10.2274,0.0100256,8.9881,4.9798,1.09834,13.4329,61.2635,neutral,#N/A,70a013ed-120a-41fa-bedd-75a5d15afb76,18,45186.32582
dfb0d746-609f-4dac-8e1d-c0325fb64394,19,2.50962,0.00274587,5.93461,4.71274,0.591531,27.1167,59.1321,neutral,0,70a013ed-120a-41fa-bedd-75a5d15afb76,19,45186.32582
dfb0d746-609f-4dac-8e1d-c0325fb64394,20,2.40725,0.000850516,3.21628,0.259532,4.3108,0.153592,89.6517,neutral,0,70a013ed-120a-41fa-bedd-75a5d15afb76,20,45186.32582
dfb0d746-609f-4dac-8e1d-c0325fb64394,21,10.4302,0.430317,31.3546,4.58966,2.16025,38.4394,12.5956,surprise,0,70a013ed-120a-41fa-bedd-75a5d15afb76,21,45186.32582
dfb0d746-609f-4dac-8e1d-c0325fb64394,22,1.30892,0.000136078,2.8345,0.0752918,2.61833,0.138919,93.0239,neutral,0,70a013ed-120a-41fa-bedd-75a5d15afb76,22,45186.32582
dfb0d746-609f-4dac-8e1d-c0325fb64394,23,0.0251085,2.53E-06,0.0288062,0.551656,0.198019,0.013739,99.1827,neutral,0,70a013ed-120a-41fa-bedd-75a5d15afb76,23,45186.32582
dfb0d746-609f-4dac-8e1d-c0325fb64394,24,0.110408,4.42E-05,0.795145,0.776964,0.41946,0.336656,97.5613,neutral,0,70a013ed-120a-41fa-bedd-75a5d15afb76,24,45186.32582
dfb0d746-609f-4dac-8e1d-c0325fb64394,25,1.93662,0.00395622,13.0655,24.9615,0.314412,53.7484,5.96967,surprise,0,70a013ed-120a-41fa-bedd-75a5d15afb76,25,45186.32582
dfb0d746-609f-4dac-8e1d-c0325fb64394,26,1.35101,0.000343897,4.27727,0.0872878,6.59406,0.0746296,87.6154,neutral,1,70a013ed-120a-41fa-bedd-75a5d15afb76,26,45186.32582
dfb0d746-609f-4dac-8e1d-c0325fb64394,27,2.36911,0.0393331,0.572342,88.7689,1.38979,3.85348,3.00706,happy,0,70a013ed-120a-41fa-bedd-75a5d15afb76,27,45186.32582
dfb0d746-609f-4dac-8e1d-c0325fb64394,28,9.49487,0.176238,18.5185,0.609694,1.08502,69.5151,0.60064,surprise,1,70a013ed-120a-41fa-bedd-75a5d15afb76,28,45186.32582
dfb0d746-609f-4dac-8e1d-c0325fb64394,29,16.0341,0.00441028,22.6411,0.187913,14.014,0.66953,46.4488,neutral,0,70a013ed-120a-41fa-bedd-75a5d15afb76,29,45186.32582
dfb0d746-609f-4dac-8e1d-c0325fb64394,30,11.8633,0.0897512,5.5684,49.9758,12.1888,8.81416,11.4998,happy,0,70a013ed-120a-41fa-bedd-75a5d15afb76,30,45186.32582
dfb0d746-609f-4dac-8e1d-c0325fb64394,31,3.25365,0.0070104,32.3798,0.297231,0.44469,57.2207,6.39685,surprise,0,70a013ed-120a-41fa-bedd-75a5d15afb76,31,45186.32582
dfb0d746-609f-4dac-8e1d-c0325fb64394,32,10.5432,0.232368,15.2315,12.528,2.83834,45.8136,12.813,surprise,0,70a013ed-120a-41fa-bedd-75a5d15afb76,32,45186.32582
dfb0d746-609f-4dac-8e1d-c0325fb64394,33,1.91437,0.00538041,2.68119,0.234118,8.41766,0.192768,86.5545,neutral,0,70a013ed-120a-41fa-bedd-75a5d15afb76,33,45186.32582
dfb0d746-609f-4dac-8e1d-c0325fb64394,34,0.82172,0.0631467,11.9316,65.5888,3.3729,3.38773,14.8342,happy,0,70a013ed-120a-41fa-bedd-75a5d15afb76,34,45186.32582
dfb0d746-609f-4dac-8e1d-c0325fb64394,35,6.32641,0.0271892,21.7227,17.0626,1.24863,24.2779,29.3345,neutral,0,70a013ed-120a-41fa-bedd-75a5d15afb76,35,45186.32582
dfb0d746-609f-4dac-8e1d-c0325fb64394,36,3.0284,0.0080472,62.7133,2.56438,0.650932,21.247,9.78799,fear,0,70a013ed-120a-41fa-bedd-75a5d15afb76,36,45186.32582
dfb0d746-609f-4dac-8e1d-c0325fb64394,37,2.35621,0.000150666,60.9364,4.04483,8.84077,2.25427,21.5673,fear,0,70a013ed-120a-41fa-bedd-75a5d15afb76,37,45186.32582
dfb0d746-609f-4dac-8e1d-c0325fb64394,38,0.0677216,7.37E-07,0.0728952,0.00706722,0.489972,0.00155789,99.3608,neutral,0,70a013ed-120a-41fa-bedd-75a5d15afb76,38,45186.32582
dfb0d746-609f-4dac-8e1d-c0325fb64394,39,0.427931,5.70E-05,3.50328,0.702564,0.587601,2.96182,91.8167,neutral,0,70a013ed-120a-41fa-bedd-75a5d15afb76,39,45186.32582
dfb0d746-609f-4dac-8e1d-c0325fb64394,40,5.72811,0.0299685,20.4386,14.6887,0.927941,29.546,28.6406,surprise,0,70a013ed-120a-41fa-bedd-75a5d15afb76,40,45186.32582
dfb0d746-609f-4dac-8e1d-c0325fb64394,41,2.07582,0.00874498,3.76291,38.5054,4.0725,2.12861,49.4461,neutral,0,70a013ed-120a-41fa-bedd-75a5d15afb76,41,45186.32582
dfb0d746-609f-4dac-8e1d-c0325fb64394,42,6.7458,0.332852,24.178,9.07908,28.771,1.62066,29.2726,neutral,0,70a013ed-120a-41fa-bedd-75a5d15afb76,42,45186.32582
dfb0d746-609f-4dac-8e1d-c0325fb64394,43,15.3954,0.408855,52.8355,1.43416,5.73153,3.89795,20.2966,fear,0,70a013ed-120a-41fa-bedd-75a5d15afb76,43,45186.32582
dfb0d746-609f-4dac-8e1d-c0325fb64394,44,4.01278,0.0258196,24.8297,3.73047,3.41553,17.9756,46.0101,neutral,0,70a013ed-120a-41fa-bedd-75a5d15afb76,44,45186.32582
dfb0d746-609f-4dac-8e1d-c0325fb64394,45,0.131049,0.000111348,1.00354,0.567143,0.8262,0.247318,97.2246,neutral,0,70a013ed-120a-41fa-bedd-75a5d15afb76,45,45186.32582
dfb0d746-609f-4dac-8e1d-c0325fb64394,46,6.79452,0.0544394,53.3219,0.69995,4.73551,3.4158,30.9779,fear,0,70a013ed-120a-41fa-bedd-75a5d15afb76,46,45186.32582
dfb0d746-609f-4dac-8e1d-c0325fb64394,47,0.761083,0.00021846,1.73328,0.211225,0.769874,0.563755,95.9606,neutral,0,70a013ed-120a-41fa-bedd-75a5d15afb76,47,45186.32582
dfb0d746-609f-4dac-8e1d-c0325fb64394,48,3.24934,0.000311997,5.98843,0.0478956,6.57484,0.0475011,84.0917,neutral,0,70a013ed-120a-41fa-bedd-75a5d15afb76,48,45186.32582
dfb0d746-609f-4dac-8e1d-c0325fb64394,49,0.102562,0.000946244,7.20508,2.01209,0.0548627,88.5704,2.05404,surprise,0,70a013ed-120a-41fa-bedd-75a5d15afb76,49,45186.32582
dfb0d746-609f-4dac-8e1d-c0325fb64394,50,0.298574,1.01E-05,0.0160729,62.7487,0.661522,1.73465,34.5405,happy,0,70a013ed-120a-41fa-bedd-75a5d15afb76,50,45186.32582
dfb0d746-609f-4dac-8e1d-c0325fb64394,51,0.760234,9.25E-05,6.15724,0.179583,11.1319,0.201399,81.5695,neutral,0,70a013ed-120a-41fa-bedd-75a5d15afb76,51,45186.32582
dfb0d746-609f-4dac-8e1d-c0325fb64394,52,1.65962,0.174367,30.0147,11.5341,2.82371,51.3048,2.48869,surprise,0,70a013ed-120a-41fa-bedd-75a5d15afb76,52,45186.32582
dfb0d746-609f-4dac-8e1d-c0325fb64394,53,1.54695,0.0333719,16.6787,2.97727,0.0930106,77.7012,0.969547,surprise,0,70a013ed-120a-41fa-bedd-75a5d15afb76,53,45186.32582
dfb0d746-609f-4dac-8e1d-c0325fb64394,54,2.23244,0.00227092,27.526,1.858,2.61056,5.53607,60.2346,neutral,0,70a013ed-120a-41fa-bedd-75a5d15afb76,54,45186.32582
dfb0d746-609f-4dac-8e1d-c0325fb64394,55,14.629,0.106838,54.8903,3.90634,8.09197,4.00949,14.3661,fear,0,70a013ed-120a-41fa-bedd-75a5d15afb76,55,45186.32582
dfb0d746-609f-4dac-8e1d-c0325fb64394,56,7.28118,0.63059,19.5762,49.5824,0.508178,20.2374,2.18402,happy,0,70a013ed-120a-41fa-bedd-75a5d15afb76,56,45186.32582
dfb0d746-609f-4dac-8e1d-c0325fb64394,57,3.23714,0.00432472,5.88827,3.97666,1.58258,4.01634,81.2947,neutral,0,70a013ed-120a-41fa-bedd-75a5d15afb76,57,45186.32582
dfb0d746-609f-4dac-8e1d-c0325fb64394,58,14.4404,0.14248,53.1841,0.56754,16.2797,1.12278,14.263,fear,1,70a013ed-120a-41fa-bedd-75a5d15afb76,58,45186.32582
dfb0d746-609f-4dac-8e1d-c0325fb64394,59,18.156,0.141312,23.4651,5.07012,0.445987,38.2458,14.4757,surprise,0,70a013ed-120a-41fa-bedd-75a5d15afb76,59,45186.32582
dfb0d746-609f-4dac-8e1d-c0325fb64394,60,8.47609,0.00753167,36.7634,0.477008,13.7817,2.38875,38.1055,neutral,0,70a013ed-120a-41fa-bedd-75a5d15afb76,60,45186.32582
dfb0d746-609f-4dac-8e1d-c0325fb64394,61,2.02711,0.34774,10.5827,69.6455,1.34182,13.2404,2.81474,happy,0,70a013ed-120a-41fa-bedd-75a5d15afb76,61,45186.32582
dfb0d746-609f-4dac-8e1d-c0325fb64394,62,1.07959,0.000166023,1.14699,0.471487,1.8898,0.133078,95.2789,neutral,0,70a013ed-120a-41fa-bedd-75a5d15afb76,62,45186.32582
dfb0d746-609f-4dac-8e1d-c0325fb64394,63,9.67488,0.307294,42.55,9.50503,6.7809,13.8168,17.3651,fear,0,70a013ed-120a-41fa-bedd-75a5d15afb76,63,45186.32582
dfb0d746-609f-4dac-8e1d-c0325fb64394,64,11.2727,0.0127733,47.57,0.374296,3.43519,6.37559,30.9595,fear,0,70a013ed-120a-41fa-bedd-75a5d15afb76,64,45186.32582
dfb0d746-609f-4dac-8e1d-c0325fb64394,65,0.828958,0.00411589,0.211849,98.3311,0.15518,0.282759,0.186039,happy,1,70a013ed-120a-41fa-bedd-75a5d15afb76,65,45186.32582
dfb0d746-609f-4dac-8e1d-c0325fb64394,66,0.0753484,1.65E-06,0.0136087,11.001,0.404565,0.825961,87.6795,neutral,0,70a013ed-120a-41fa-bedd-75a5d15afb76,66,45186.32582
dfb0d746-609f-4dac-8e1d-c0325fb64394,67,9.33822,0.000358363,5.46027,0.0579106,17.6888,0.0173551,67.4371,neutral,0,70a013ed-120a-41fa-bedd-75a5d15afb76,67,45186.32582
dfb0d746-609f-4dac-8e1d-c0325fb64394,68,0.612282,8.66E-05,1.93792,1.25209,0.272045,1.2335,94.6921,neutral,0,70a013ed-120a-41fa-bedd-75a5d15afb76,68,45186.32582
dfb0d746-609f-4dac-8e1d-c0325fb64394,69,2.43615,0.000549094,7.62796,0.121066,2.49288,0.129734,87.1917,neutral,0,70a013ed-120a-41fa-bedd-75a5d15afb76,69,45186.32582
dfb0d746-609f-4dac-8e1d-c0325fb64394,70,7.58085,0.0149582,2.14616,3.15088,7.21675,1.80763,78.0828,neutral,0,70a013ed-120a-41fa-bedd-75a5d15afb76,70,45186.32582
dfb0d746-609f-4dac-8e1d-c0325fb64394,71,15.3669,0.871451,76.3164,0.246649,1.56651,4.85647,0.775551,fear,1,70a013ed-120a-41fa-bedd-75a5d15afb76,71,45186.32582
dfb0d746-609f-4dac-8e1d-c0325fb64394,72,32.738,0.00397397,38.4599,0.233322,1.89678,16.2866,10.3815,fear,0,70a013ed-120a-41fa-bedd-75a5d15afb76,72,45186.32582
dfb0d746-609f-4dac-8e1d-c0325fb64394,73,9.783,0.0761813,63.0262,3.7224,1.57207,7.38055,14.4396,fear,1,70a013ed-120a-41fa-bedd-75a5d15afb76,73,45186.32582
dfb0d746-609f-4dac-8e1d-c0325fb64394,74,5.66534,0.0136822,61.9995,1.2411,0.693772,23.4977,6.88891,fear,0,70a013ed-120a-41fa-bedd-75a5d15afb76,74,45186.32582
dfb0d746-609f-4dac-8e1d-c0325fb64394,75,7.42801,0.0569128,17.26,7.09165,0.437949,60.6668,7.05868,surprise,1,70a013ed-120a-41fa-bedd-75a5d15afb76,75,45186.32582
dfb0d746-609f-4dac-8e1d-c0325fb64394,76,0.236908,0.00065664,5.0117,11.7159,0.381527,47.7377,34.9156,surprise,0,70a013ed-120a-41fa-bedd-75a5d15afb76,76,45186.32582
dfb0d746-609f-4dac-8e1d-c0325fb64394,77,0.728392,0.00169385,4.10127,80.7364,0.376848,12.0592,1.99617,happy,0,70a013ed-120a-41fa-bedd-75a5d15afb76,77,45186.32582
dfb0d746-609f-4dac-8e1d-c0325fb64394,78,0.436274,0.000183266,1.33037,45.7062,13.5535,0.490816,38.4826,happy,0,70a013ed-120a-41fa-bedd-75a5d15afb76,78,45186.32582
dfb0d746-609f-4dac-8e1d-c0325fb64394,79,21.0152,0.0190062,59.4036,0.229773,4.47194,6.69098,8.16944,fear,1,70a013ed-120a-41fa-bedd-75a5d15afb76,79,45186.32582
dfb0d746-609f-4dac-8e1d-c0325fb64394,80,8.2237,0.0977706,30.6406,5.75648,6.21071,7.18606,41.8847,neutral,1,70a013ed-120a-41fa-bedd-75a5d15afb76,80,45186.32582
dfb0d746-609f-4dac-8e1d-c0325fb64394,81,0.914185,0.00292914,1.14635,85.1692,1.39985,4.08289,7.28463,happy,0,70a013ed-120a-41fa-bedd-75a5d15afb76,81,45186.32582
dfb0d746-609f-4dac-8e1d-c0325fb64394,82,22.0439,1.58397,68.148,0.209441,6.219,0.920879,0.874805,fear,1,70a013ed-120a-41fa-bedd-75a5d15afb76,82,45186.32582
dfb0d746-609f-4dac-8e1d-c0325fb64394,83,18.1006,0.000822837,13.973,0.0690146,25.4795,0.307088,42.0699,neutral,0,70a013ed-120a-41fa-bedd-75a5d15afb76,83,45186.32582
dfb0d746-609f-4dac-8e1d-c0325fb64394,84,13.5975,0.108171,58.7523,0.924182,3.70117,16.283,6.63362,fear,0,70a013ed-120a-41fa-bedd-75a5d15afb76,84,45186.32582
dfb0d746-609f-4dac-8e1d-c0325fb64394,85,0.274298,1.14E-05,0.954965,0.0544565,0.473382,0.0236665,98.2192,neutral,0,70a013ed-120a-41fa-bedd-75a5d15afb76,85,45186.32582
83c20b83-7881-499d-a40d-cc06b65869f8,0,0.393006,2.19E-07,0.622241,0.000230507,98.3334,4.28E-07,0.65115,sad,1,#N/A,#N/A,#N/A
83c20b83-7881-499d-a40d-cc06b65869f8,1,0.0992172,0.0292275,1.27949,97.4537,0.837835,0.00279186,0.297701,happy,2,1,1,5.3099
83c20b83-7881-499d-a40d-cc06b65869f8,2,0.430551,0.000310354,43.1237,0.283289,0.202208,55.5447,0.415176,surprise,3,0,1,47.5657
83c20b83-7881-499d-a40d-cc06b65869f8,3,11.6227,0.000172137,8.82142,0.00769914,0.813382,6.84863,71.886,neutral,4,1,0,-1.2162
83c20b83-7881-499d-a40d-cc06b65869f8,4,1.42814,0.00215149,82.5964,3.8347,0.931493,11.0104,0.196761,fear,5,1,0,0.6371
83c20b83-7881-499d-a40d-cc06b65869f8,5,0.441355,0.000695357,6.96291,4.48683,54.9007,0.0195075,33.1881,sad,6,1,0,1.2903
83c20b83-7881-499d-a40d-cc06b65869f8,6,0.16425,1.35E-05,94.8176,0.0564742,3.65124,0.937964,0.37247,fear,7,1,0,-5.2446
83c20b83-7881-499d-a40d-cc06b65869f8,7,0.334322,1.66E-05,19.3911,0.0859126,62.1551,0.132878,17.9007,sad,8,1,0,0.6704
83c20b83-7881-499d-a40d-cc06b65869f8,8,3.25349,0.00554562,16.5582,3.18614,60.7458,0.0273715,16.2234,sad,9,1,0,-2.2763
83c20b83-7881-499d-a40d-cc06b65869f8,9,1.71525,0.00661349,80.3265,3.16935,10.5317,3.23357,1.01706,fear,10,0,1,33.6107
83c20b83-7881-499d-a40d-cc06b65869f8,10,0.0374553,8.93E-09,35.9642,0.09566,2.13552,61.2783,0.488893,surprise,11,1,0,3.4195
83c20b83-7881-499d-a40d-cc06b65869f8,11,3.87881,0.000186654,5.08843,11.9905,78.2304,0.00264308,0.809125,sad,12,1,0,1.8695
83c20b83-7881-499d-a40d-cc06b65869f8,12,2.70303,0.000145178,17.8097,2.41E-05,55.3843,0.00852028,24.0943,sad,13,0,1,46.5837
83c20b83-7881-499d-a40d-cc06b65869f8,13,1.85462,0.00625663,21.2551,1.09996,57.3576,0.127293,18.2991,sad,14,1,0,-0.6667
83c20b83-7881-499d-a40d-cc06b65869f8,14,14.274,0.237449,44.5441,0.045862,40.1011,0.210749,0.586785,fear,15,1,0,2.6991
83c20b83-7881-499d-a40d-cc06b65869f8,15,6.71845,0.068325,27.1387,0.284601,62.2773,0.870874,2.6417,sad,16,1,0,-2.6057
83c20b83-7881-499d-a40d-cc06b65869f8,16,4.93063,0.0158118,79.2704,0.00955358,9.66085,0.104552,6.00818,fear,17,0,0,28.1898
83c20b83-7881-499d-a40d-cc06b65869f8,18,0.180961,9.98E-06,9.86591,0.895651,81.6423,0.14453,7.27068,sad,18,#N/A,#N/A,#N/A
83c20b83-7881-499d-a40d-cc06b65869f8,19,9.21083,0.0465589,55.6821,1.72466,25.0972,1.22896,7.00966,fear,19,1,0,-2.1877
83c20b83-7881-499d-a40d-cc06b65869f8,20,19.9541,2.65616,37.562,0.824688,33.7579,1.57368,3.67151,fear,20,1,0,6.0667
83c20b83-7881-499d-a40d-cc06b65869f8,21,17.9594,1.38E-05,39.495,0.00183332,28.5179,0.288046,13.7378,fear,21,1,0,-6.3148
83c20b83-7881-499d-a40d-cc06b65869f8,22,3.26105,0.0235612,8.21092,0.503053,61.8327,0.127977,26.0407,sad,22,1,0,2.1202
83c20b83-7881-499d-a40d-cc06b65869f8,23,1.37726,5.30E-05,31.2392,0.00749246,51.8354,0.0223272,15.5183,sad,23,1,0,4.9201
83c20b83-7881-499d-a40d-cc06b65869f8,24,0.12474,0.000143349,99.0313,0.0341805,0.629367,0.171572,0.00869146,fear,24,1,0,-1.1619
83c20b83-7881-499d-a40d-cc06b65869f8,25,1.18296,1.05E-05,0.76409,0.00260429,26.7911,0.000905407,71.2583,neutral,25,1,0,-5.3289
83c20b83-7881-499d-a40d-cc06b65869f8,26,5.36204,0.0252432,64.1216,0.640341,25.3343,3.07287,1.44362,fear,26,0,1,31.5177
83c20b83-7881-499d-a40d-cc06b65869f8,27,6.00138,0.0481573,39.0298,0.402029,40.0903,0.289523,14.1388,sad,27,1,0,-2.1235
83c20b83-7881-499d-a40d-cc06b65869f8,28,4.75602,0.00423179,66.3199,4.54789,18.345,3.16276,2.86426,fear,28,0,1,35.813
83c20b83-7881-499d-a40d-cc06b65869f8,29,4.31309,0.0320152,25.5694,58.2229,8.41375,2.9348,0.514001,happy,29,1,0,-2.3104
83c20b83-7881-499d-a40d-cc06b65869f8,30,0.348918,1.33E-05,38.9781,0.231961,0.15058,60.1845,0.105987,surprise,30,0,0,33.5107
83c20b83-7881-499d-a40d-cc06b65869f8,31,0.0417825,1.70E-09,0.0364606,0.00044622,0.953348,0.0131251,98.9548,neutral,31,1,0,1.6772
83c20b83-7881-499d-a40d-cc06b65869f8,32,0.00279212,1.36E-13,0.950067,1.73E-05,94.7189,1.03E-05,4.3282,sad,32,1,0,9.4981
83c20b83-7881-499d-a40d-cc06b65869f8,33,1.64287,0.00304166,69.7204,0.885955,20.9113,0.670005,6.16634,fear,33,1,0,2.196
83c20b83-7881-499d-a40d-cc06b65869f8,34,4.17608,0.00147651,31.5153,0.00417621,47.2545,0.00508027,17.0433,sad,34,1,0,3.2007
83c20b83-7881-499d-a40d-cc06b65869f8,35,1.63987,0.000409323,16.7623,0.082045,60.293,0.0331569,21.1892,sad,35,1,0,10.9796
83c20b83-7881-499d-a40d-cc06b65869f8,36,15.6163,0.0721674,31.5587,17.3446,16.8673,11.221,7.31999,fear,36,1,0,-5.4158
83c20b83-7881-499d-a40d-cc06b65869f8,37,2.00562,0.00292696,71.6444,1.72688,2.44875,21.2514,0.919985,fear,37,1,0,-0.8348
83c20b83-7881-499d-a40d-cc06b65869f8,38,1.07307,0.00124298,85.4559,0.000382091,10.3812,0.012101,3.07614,fear,38,1,0,7.6422
83c20b83-7881-499d-a40d-cc06b65869f8,39,0.197294,3.24E-06,48.0483,4.65691,5.50547,39.0646,2.52738,fear,39,1,0,6.1354
83c20b83-7881-499d-a40d-cc06b65869f8,40,3.60726,0.0140318,82.369,0.414686,4.72725,6.681,2.18678,fear,40,0,0,34.3179
83c20b83-7881-499d-a40d-cc06b65869f8,41,0.0522591,1.09E-08,12.6187,0.00082743,86.7696,0.00140572,0.557266,sad,41,1,0,-1.5918
83c20b83-7881-499d-a40d-cc06b65869f8,42,0.0829935,2.26E-06,29.3463,0.0297425,70.3047,0.0339624,0.202319,sad,42,0,0,54.1387
83c20b83-7881-499d-a40d-cc06b65869f8,43,0.0494478,2.06E-07,1.12524,0.0073447,5.45946,0.00151684,93.357,neutral,43,1,0,4.4624
83c20b83-7881-499d-a40d-cc06b65869f8,44,0.254961,0.000208565,75.4621,10.8834,8.24638,0.486818,4.66613,fear,44,1,0,3.8515
83c20b83-7881-499d-a40d-cc06b65869f8,45,0.268971,6.46E-06,36.5992,2.47266,38.5909,0.573533,21.4947,sad,45,0,0,49.0075
83c20b83-7881-499d-a40d-cc06b65869f8,46,0.162296,7.08E-05,33.5043,1.61617,59.2331,0.0116198,5.47239,sad,46,0,0,28.3554
83c20b83-7881-499d-a40d-cc06b65869f8,47,0.0382193,2.24E-06,12.7625,16.444,3.7683,1.21382,65.7732,neutral,47,1,0,3.5894
83c20b83-7881-499d-a40d-cc06b65869f8,48,0.914263,0.00290998,81.4054,0.536264,0.267224,16.6837,0.190277,fear,48,1,0,3.0785
83c20b83-7881-499d-a40d-cc06b65869f8,49,0.0121746,5.24E-09,3.0961,0.0890228,42.9835,0.00333114,53.8159,neutral,49,1,0,20.9981
83c20b83-7881-499d-a40d-cc06b65869f8,50,0.400323,3.30E-10,0.532691,4.41E-07,3.23057,9.46E-05,95.8363,neutral,50,1,0,3.1769
83c20b83-7881-499d-a40d-cc06b65869f8,51,1.34054,5.25E-06,65.6732,0.369073,6.89135,24.604,1.12177,fear,51,1,0,7.3806
83c20b83-7881-499d-a40d-cc06b65869f8,52,0.357221,9.50E-06,68.3187,10.2215,16.9983,0.28277,3.82144,fear,52,1,0,8.6687
83c20b83-7881-499d-a40d-cc06b65869f8,53,0.0243818,1.40E-05,0.31287,0.276231,4.64012,0.00168869,94.7447,neutral,53,1,0,1.1456
83c20b83-7881-499d-a40d-cc06b65869f8,54,6.71346,0.01974,63.0626,3.82553,8.19796,13.0576,5.12308,fear,54,1,0,8.8485
83c20b83-7881-499d-a40d-cc06b65869f8,55,12.6255,0.000422669,13.3303,0.000759549,26.9091,0.0524232,47.0815,neutral,55,1,0,-1.0842
83c20b83-7881-499d-a40d-cc06b65869f8,56,0.889628,0.00140259,83.1737,0.197603,6.98457,7.72845,1.02461,fear,56,1,0,6.9323
83c20b83-7881-499d-a40d-cc06b65869f8,57,0.770264,0.00800895,14.4271,31.3646,44.4197,0.0175385,8.9928,sad,57,1,0,7.8608
83c20b83-7881-499d-a40d-cc06b65869f8,58,2.20513,0.0271143,4.44419,45.7805,8.38278,0.957465,38.2028,happy,58,0,1,36.5469
83c20b83-7881-499d-a40d-cc06b65869f8,59,7.93919,0.000410102,27.424,0.000620582,54.0372,0.00390982,10.5946,sad,59,1,0,-1.1859
83c20b83-7881-499d-a40d-cc06b65869f8,60,3.6287,0.128315,40.5054,1.11656,31.8417,0.954161,21.8251,fear,60,1,0,13.3515
83c20b83-7881-499d-a40d-cc06b65869f8,61,45.0349,0.0503476,12.4419,0.195415,42.0919,0.0731444,0.112399,angry,61,1,0,0.0849
83c20b83-7881-499d-a40d-cc06b65869f8,62,1.21282,0.000947254,67.5715,1.19707,10.9114,4.21355,14.8928,fear,62,0,0,31.6546
83c20b83-7881-499d-a40d-cc06b65869f8,63,0.30663,2.90E-05,90.536,0.00376839,7.78829,1.26561,0.0996215,fear,63,1,0,-2.4337
83c20b83-7881-499d-a40d-cc06b65869f8,64,0.348686,0.000479406,67.3631,4.84927,19.7527,0.652398,7.03338,fear,64,0,0,34.6267
83c20b83-7881-499d-a40d-cc06b65869f8,65,0.202197,2.16E-05,2.0542,1.30951,50.4871,0.0147714,45.9322,sad,65,0,1,49.5182
83c20b83-7881-499d-a40d-cc06b65869f8,66,12.1305,0.0695399,28.1393,12.7869,13.1154,5.43517,28.3232,neutral,66,1,0,-7.6916
83c20b83-7881-499d-a40d-cc06b65869f8,67,0.293094,1.81E-06,22.8606,2.99E-06,74.8459,0.00120102,1.99915,sad,67,1,0,5.0455
83c20b83-7881-499d-a40d-cc06b65869f8,68,0.0735656,9.35E-07,0.296785,0.135118,10.9757,0.00245148,88.5164,neutral,68,1,0,10.3033
83c20b83-7881-499d-a40d-cc06b65869f8,69,5.84836,0.00926173,66.1045,2.73044,6.31226,8.22993,10.7652,fear,69,0,0,29.7305
83c20b83-7881-499d-a40d-cc06b65869f8,70,0.813775,0.000223408,33.163,0.421956,64.3382,0.0906926,1.17212,sad,70,1,0,-2.1109
83c20b83-7881-499d-a40d-cc06b65869f8,71,0.219477,3.71E-05,5.08989,0.0380398,67.2476,0.00975221,27.3952,sad,71,0,1,56.9147
83c20b83-7881-499d-a40d-cc06b65869f8,72,3.88417,0.0106399,73.3084,1.57092,14.1482,1.68282,5.39477,fear,72,1,0,1.4988
83c20b83-7881-499d-a40d-cc06b65869f8,73,0.195006,7.27E-05,91.0294,0.543094,3.46022,3.25032,1.52186,fear,73,1,1,14.9948
83c20b83-7881-499d-a40d-cc06b65869f8,74,3.47165,0.155185,22.0333,0.622963,51.247,0.0324319,22.4375,sad,74,1,0,-4.1796
83c20b83-7881-499d-a40d-cc06b65869f8,75,0.00207989,1.68E-14,0.580846,2.79E-07,63.1654,5.66E-06,36.2516,sad,75,0,1,33.5878
83c20b83-7881-499d-a40d-cc06b65869f8,76,5.76896,0.011566,48.8931,0.00560409,37.1937,0.0178824,8.10922,fear,76,1,0,4.7421
83c20b83-7881-499d-a40d-cc06b65869f8,77,26.6381,5.46E-07,13.6106,6.44E-06,40.6185,0.000460717,19.1323,sad,77,1,0,0.7091
83c20b83-7881-499d-a40d-cc06b65869f8,78,7.86088,0.105993,64.7419,1.82136,20.7754,2.78697,1.90746,fear,78,1,0,1.193
83c20b83-7881-499d-a40d-cc06b65869f8,79,4.20409,0.0739107,21.3617,0.571764,60.53,0.371637,12.8869,sad,79,0,1,34.3727
83c20b83-7881-499d-a40d-cc06b65869f8,80,0.372594,0.000384525,22.2247,0.0548924,69.8186,0.00131303,7.52744,sad,80,0,1,38.1544
83c20b83-7881-499d-a40d-cc06b65869f8,81,2.47805,0.0034444,12.8919,0.194825,72.1331,0.0407653,12.258,sad,81,1,0,1.6117
83c20b83-7881-499d-a40d-cc06b65869f8,82,1.08885,3.42E-07,43.0948,0.000126123,45.5513,0.00160332,10.2634,sad,82,0,1,49.3855
83c20b83-7881-499d-a40d-cc06b65869f8,83,2.30545,0.018909,67.0754,0.0651284,28.8552,0.306303,1.37356,fear,83,0,0,34.9084
83c20b83-7881-499d-a40d-cc06b65869f8,84,0.243676,3.33E-06,13.1653,5.86E-07,57.3115,0.000117963,29.2794,sad,84,1,0,-2.8663
83c20b83-7881-499d-a40d-cc06b65869f8,85,2.3962,0.0340899,3.11335,1.69308,89.0379,8.88E-05,3.72527,sad,85,1,0,8.4007
83c20b83-7881-499d-a40d-cc06b65869f8,86,21.6235,0.322374,55.7012,1.8373,14.4711,2.0071,4.03747,fear,86,1,0,-24.9696
83c20b83-7881-499d-a40d-cc06b65869f8,87,0.483833,8.15E-05,83.4153,2.1976,12.4741,0.0591872,1.36993,fear,87,0,1,41.08
83c20b83-7881-499d-a40d-cc06b65869f8,88,0.175224,4.73E-10,13.2724,1.96E-09,63.7015,1.89E-06,22.8509,sad,88,1,0,-11.6497
83c20b83-7881-499d-a40d-cc06b65869f8,89,0.326095,2.01E-05,1.1774,0.0382226,33.0062,0.0111013,65.441,neutral,89,1,0,8.1219
83c20b83-7881-499d-a40d-cc06b65869f8,90,0.0412533,4.23E-08,0.00567436,0.0128155,0.843036,0.0359847,99.0612,neutral,90,1,0,3.7459
